color,from,l,a,b,parent
银褐,国标,65.5,16,12.8,青
银褐,故宫里的色彩美学_郭浩,60.324,8.207,-5.367,青
沙绿,国标,60.5,-19.8,4.1,青
沙绿,DIC中国传统色,34.941,-14.916,-2.686,青
中绿,染色样本纳夫妥类_何进丰,38,23,-9,青
深青,国标,71.1,-14.9,-23,青
青,国标,71.1,-22.6,-15.4,青
青,乾隆色谱_刘剑,16,3,-6,青
青,古色之美_青简,41.612,-20.568,-44.405,青
天青,染作江南春水色_金成熺,43.5,8.53,-7.03,青
天青,古色之美_青简,50.714,-15.058,-43.802,青
天青,钧瓷色彩的特征与分类体系研究_王庆斌,48.17,-9.746,3.601,青
天青,中国颜色_黄仁达,68.633,-24.127,-30.258,青
天青,中国美色_中国国家地理,68.633,-24.127,-30.258,青
蟹青,国标,61,-15.3,-10.3,青
蟹青,DIC中国传统色,61.717,-9.914,4.969,青
蟹青,染色样本硫化类_何进丰,66,-1,10,青
蟹青,钧瓷色彩的特征与分类体系研究_王庆斌,29.851,10.898,-19.776,青
蟹青,中国美色_中国国家地理,76.069,-5.768,-0.774,青
蟹青,中国传统色彩图鉴_鸿洋,76.069,-5.768,-0.774,青
虾青,绞丝染色基本色谱_何进丰,63,-11,6,青
虾青,钧瓷色彩的特征与分类体系研究_王庆斌,58.695,-12.845,-3.012,青
花青,故宫里的色彩美学_郭浩,16.464,5.145,-21.222,青
花青,古色之美_青简,42.448,-14.707,-40.929,青
花青,中国美色_中国国家地理,24.936,6.029,-26.277,青
花青,中国色名综览_凑幸卫,53.5530178,6.104809883,-42.5551007,青
浅蓝,国标,82.6,-10.4,-17.6,青
浅蓝,中国传统色彩图鉴_鸿洋,79.411,-13.428,-18.007,青
淡蓝,国标,76.4,-5.6,-18.1,青
天蓝,国标,76.3,-9.5,-26.5,青
天蓝,中国传统色彩图鉴_鸿洋,69.856,-22.951,-27.935,青
天蓝,中国色名综览_凑幸卫,51.52098898,-0.37609669,-43.55239646,青
蓝翠,国标,56.5,-20.8,-33.4,青
蓝翠,色谱_perchouli,59.872,-25.267,-20.271,青
海蓝,国标,56.3,-13.3,-37.7,青
海蓝,绞丝染色基本色谱_何进丰,70,-27,-18,青
钴蓝,国标,42.2,-0.6,-46.7,青
钴蓝,敦煌彩绘文物数字化保护色卡制作方法研究_梁金星,71.78,-17.97,-6.41,青
钴蓝,中国色名综览_凑幸卫,66.52191114,-14.729075,-33.7982694,青
宝蓝,乾隆色谱_刘剑,23,1,-17,青
宝蓝,钧瓷色彩的特征与分类体系研究_王庆斌,29.448,10.509,-26.199,青
宝蓝,中国美色_中国国家地理,33.221,17.825,-41.502,青
藏蓝,国标,29.2,-9,-15.8,青
藏蓝,DIC中国传统色,29.85,10.109,-24.922,青
藏蓝,中国传统色彩图鉴_鸿洋,26.399,18.959,-33.231,青
淡紫,中国传统色彩图鉴_鸿洋,81.218,6.854,-11.354,青
粉紫,国标,65.9,11.8,-27,青
紫粉,国标,65.9,11.8,-27,紫
粉紫,国标,65.9,11.8,-27,青
紫粉,国标,65.9,11.8,-27,紫
藕褐,国标,55.8,7.7,-10.1,青
莲灰,国标,53.2,5.3,-11.5,青
飞泉绿,色谱_perchouli,45.822,-18.414,2.377,青
白屈菜绿,色谱_perchouli,36.735,-10.464,5.698,青
田螺绿,色谱_perchouli,42.212,-5.381,5.169,青
靛青,色谱_perchouli,40.668,6.248,-45.703,青
靛青,钧瓷色彩的特征与分类体系研究_王庆斌,37.497,12.223,-44.809,青
海青,色谱_perchouli,61.756,-21.664,-26.367,青
海青,中国色名综览_凑幸卫,73.99383257,-13.3189403,-30.88472438,青
飞燕草蓝,色谱_perchouli,37.708,8.167,-46.307,青
飞燕草蓝,中国色名综览_凑幸卫,44.09819679,1.357351744,-49.70842231,青
安安蓝,中国色名综览_凑幸卫,43.94226927,13.54627428,-33.34795357,青
海军蓝,中国色名综览_凑幸卫,43.94561436,4.411145999,-23.26323602,青
景泰蓝,中国颜色_黄仁达,33.088,2.703,-47.147,青
群青,中国传统色彩图鉴_鸿洋,33.088,2.703,-47.147,紫
景泰蓝,中国颜色_黄仁达,33.088,2.703,-47.147,青
群青,中国传统色彩图鉴_鸿洋,33.088,2.703,-47.147,紫
景泰蓝,中国色名综览_凑幸卫,51.56656883,16.02401005,-40.50890532,青
景泰蓝,中国色名综览_凑幸卫,65.32367155,5.77538771,-41.50964511,青
品蓝,绞丝染色基本色谱_何进丰,33,1,-42,青
品蓝,中国色名综览_凑幸卫,51.57699805,14.47877978,-36.71129706,青
尼罗蓝,中国色名综览_凑幸卫,56.09157079,6.024043661,-42.43121391,青
鷃蓝,色谱_perchouli,30.173,-1.177,-28.979,青
柏林蓝,中国色名综览_凑幸卫,47.50474489,0.07921435,-45.49889787,青
羽扇豆蓝,中国色名综览_凑幸卫,71.57626389,0.563422787,-23.94214621,青
晴山蓝,中国色名综览_凑幸卫,71.59169616,4.4244281,-27.61894145,青
潮蓝,中国色名综览_凑幸卫,65.32279815,-0.260708768,-30.34705668,青
牵牛花蓝,中国色名综览_凑幸卫,53.9496578,-9.156498881,-39.92660181,青
鸢尾蓝,中国色名综览_凑幸卫,61.68101328,-7.35947102,-35.30271526,青
苍蓝,色谱_perchouli,28.009,-11.457,-13.88,青
灰蓝,色谱_perchouli,21.552,-6.79,-6.489,青
孔雀蓝,色谱_perchouli,66.026,-27.972,-23.169,青
孔雀蓝,中国颜色_黄仁达,25.019,19.084,-38.556,青
孔雀蓝,中国美色_中国国家地理,25.019,19.084,-38.556,青
孔雀蓝,人造丝绸缎色谱_何进丰,58,-31,-22,青
孔雀蓝,绞丝染色基本色谱_何进丰,45,-28,-32,青
孔雀蓝,钧瓷色彩的特征与分类体系研究_王庆斌,24.397,8.276,-26.571,青
深灰,涤棉色谱_何进丰,33,8,-5,青
深灰,涤棉色谱_何进丰,31,1,-10,青
绿灰,色谱_perchouli,29.3,-11.37,1.12,青
黄昏灰,色谱_perchouli,31.563,-1.399,-1.159,青
瓦罐灰,色谱_perchouli,30.631,0.496,-2.531,青
瓦罐灰,中国色名综览_凑幸卫,46.02970602,3.659960454,-12.13078507,青
战舰灰,中国色名综览_凑幸卫,43.43830137,3.962496725,-18.31570388,青
石板灰,色谱_perchouli,33.444,9.365,8.914,青
石板灰,中国色名综览_凑幸卫,54.07795847,9.337793109,6.552525968,青
琉璃色,中国传统色彩图鉴_鸿洋,35.626,0.619,-46.419,青
品绿,DIC中国传统色,48.234,-23.372,-10.815,青
青金色,DIC中国传统色,53.214,4.811,-20.431,青
青灰色,中国色名综览_凑幸卫,45.05307515,4.164096469,-18.60995631,青
承德皂,中国美色_中国国家地理,41.795,0.004,6.799,青
沙青,中国美色_中国国家地理,37.355,-10.72,-25.38,青
竹月色,中国美色_中国国家地理,89.089,-0.781,-3.917,青
琉璃蓝,中国颜色_黄仁达,29.245,-0.909,-21.486,青
柏坊灰蓝,中国美色_中国国家地理,29.245,-0.909,-21.486,青
雪蓝,DIC中国传统色,60.56,10.147,-32.954,青
罗蓝灰,DIC中国传统色,39.486,5.596,-13.572,青
铁灰,中国色名综览_凑幸卫,54.18353117,1.970160255,11.32585995,青
濯绛,故宫里的色彩美学_郭浩,45.374,5.34,6.994,青
翕赩,故宫里的色彩美学_郭浩,47.534,-11.066,3.831,青
青雘,故宫里的色彩美学_郭浩,42.904,-25.036,-9.955,青
太师青,古色之美_青简,33.132,-9.198,6.045,青
法翠,故宫里的色彩美学_郭浩,52.703,-26.239,-14.616,青
千山翠,故宫里的色彩美学_郭浩,50.723,-8.727,3.237,青
䌦色,故宫里的色彩美学_郭浩,40.983,-22.77,-4.906,青
碧城,故宫里的色彩美学_郭浩,32.47,-2.459,-29.723,青
蓝采和,故宫里的色彩美学_郭浩,27.297,0.099,-30.4,青
窃蓝,故宫里的色彩美学_郭浩,69.054,-0.328,-27.561,青
暮山紫,故宫里的色彩美学_郭浩,70.783,6.796,-22.555,青
紫菂,故宫里的色彩美学_郭浩,60.939,10.118,-12.426,青
红藤杖,故宫里的色彩美学_郭浩,55.646,7.549,-0.864,青
黑朱,故宫里的色彩美学_郭浩,44.714,0.518,7.739,青
迷楼灰,故宫里的色彩美学_郭浩,56.056,8.127,-4.903,青
石青,敦煌彩绘文物数字化保护色卡制作方法研究_梁金星,27.92,6.08,-42.35,青
石青,古色之美_青简,22.008,8.164,-22.207,青
苍色,中国颜色_黄仁达,54.329,-24.42,8.254,青
苍色,古色之美_青简,26.612,-16.525,-14.691,青
缥色,中国美色_中国国家地理,85.517,-8.103,-10.4,青
紫色,中国颜色_黄仁达,43.898,23.171,-32.107,青
紫色,中国美色_中国国家地理,71.222,-20.427,-31.893,青
紫藤色,中国颜色_黄仁达,73.155,5.818,-6.854,青
紫藤色,中国美色_中国国家地理,73.155,5.818,-6.854,青
紫藤色,中国传统色彩图鉴_鸿洋,48.873,16.523,-31.493,青
鸭头绿,古色之美_青简,38.501,-21.927,0.035,青
人熊深蓝,染色样本士林类_何进丰,31,0,-32,青
豆灰,染色样本士林类_何进丰,51,5,3,青
浅豆灰,染色样本士林类_何进丰,59,6,6,青
蟹灰,染色样本士林类_何进丰,50,-6,4,青
深杏灰,染色样本纳夫妥类_何进丰,48,7,11,青
浅雪青,染色样本纳夫妥类_何进丰,51,18,-25,青
浅雪青,绞丝染色基本色谱_何进丰,67,19,-14,青
浅雪青,涤棉色谱_何进丰,61,24,-20,青
浅雪青,涤棉色谱_何进丰,80,11,-12,青
浅雪青,涤棉色谱_何进丰,85,7,-6,青
浅咖啡,人造丝绸缎色谱_何进丰,50,8,10,青
蝙蝠灰,人造丝绸缎色谱_何进丰,34,-3,4,青
荠菜绿,绞丝染色基本色谱_何进丰,41,-11,5,青
深蛋青,绞丝染色基本色谱_何进丰,35,-29,-20,青
深蚧青,绞丝染色基本色谱_何进丰,30,-17,-14,青
深蝶兰,绞丝染色基本色谱_何进丰,49,-31,-14,青
深孔雀兰,绞丝染色基本色谱_何进丰,34,-22,-29,青
晚天兰,绞丝染色基本色谱_何进丰,57,-21,-34,青
浅品兰,绞丝染色基本色谱_何进丰,40,-6,-42,青
深月兰,绞丝染色基本色谱_何进丰,35,-8,-43,青
月兰,绞丝染色基本色谱_何进丰,45,-16,-43,青
暗绿,涤棉色谱_何进丰,42,-11,5,青
深宝兰,涤棉色谱_何进丰,34,-5,-26,青
淡红灰,中国色名综览_凑幸卫,63.59104478,10.83372352,2.064037162,青
黝绿,中国色名综览_凑幸卫,45.0219634,-13.91343528,5.064869324,青
焰蓝,中国色名综览_凑幸卫,71.57970028,4.71825137,-32.92139075,青
田鼠灰,中国色名综览_凑幸卫,42.66473258,3.957085277,-18.37753958,青
蛛纲灰,中国色名综览_凑幸卫,57.32704855,10.46717709,4.655855822,青
赭石,国标,40.1,16.1,19.6,赤
赭石,色谱_perchouli,30.684,40.058,32.479,赤
赭石,DIC中国传统色,56.164,18.088,23.942,赤
赭石,中国美色_中国国家地理,40.453,13.532,23.842,赤
赭石,中国传统色彩图鉴_鸿洋,49.327,18.75,41.11,赤
赭石,涤棉色谱_何进丰,47,8,25,赤
赭石,中国色名综览_凑幸卫,33.41918815,33.41768887,14.95512569,赤
褐色,国标,34.2,13.7,15.2,赤
褐色,中国颜色_黄仁达,36.436,25.969,36.184,赤
褐色,中国美色_中国国家地理,36.013,8.236,24.323,赤
金棕,国标,55.4,22,21.1,赤
石榴红,钧瓷色彩的特征与分类体系研究_王庆斌,20.191,35.806,14.118,赤
石榴红,中国传统色彩图鉴_鸿洋,47.243,68.75,38.64,赤
朱红,中国美色_中国国家地理,49.411,72.361,30.419,赤
朱红,中国传统色彩图鉴_鸿洋,57.59,46.744,58.822,赤
银朱,色谱_perchouli,54.76,66.765,65.183,赤
银朱,DIC中国传统色,46.546,41.609,16.991,赤
猩红,国标,44.2,48.9,21.5,赤
猩红,DIC中国传统色,36.612,47.249,22.368,赤
猩红,DIC中国传统色,36.612,47.249,22.368,赤
朱,中国颜色_黄仁达,45.032,64.859,25.699,赤
朱,染色样本纳夫妥类_何进丰,40,56,24,赤
朱,中国色名综览_凑幸卫,54.99242874,48.4010215,19.5981041,赤
大红,色谱_perchouli,55.765,61.402,57.007,赤
朱,染作江南春水色_金成熺,59.19,40.14,12.21,赤
大红,染作江南春水色_金成熺,59.19,40.14,12.21,赤
赭红,DIC中国传统色,53.38,18.29,20.047,赤
赭红,DIC中国传统色,53.38,18.29,20.047,赤
桔黄,国标,69.1,41.3,52.4,赤
桔黄,DIC中国传统色,60.078,26.433,43.627,赤
桔黄,染色样本士林类_何进丰,68,18,30,赤
桔红,染色样本士林类_何进丰,59,16,19,赤
麂棕,色谱_perchouli,60.433,35.286,59.725,赤
麂棕,中国色名综览_凑幸卫,56.6717171,25.00184531,38.78404277,赤
岩石棕,中国色名综览_凑幸卫,51.54529911,18.38340971,24.62332224,赤
芒果棕,色谱_perchouli,38.87,31.317,41.549,赤
芒果棕,人造丝绸缎色谱_何进丰,52,21,30,赤
芒果棕,中国色名综览_凑幸卫,46.50740638,20.30616623,28.32262371,赤
铁棕,色谱_perchouli,53.821,47.028,58.145,赤
淡可可棕,色谱_perchouli,47.032,38.505,47.844,赤
火泥棕,中国色名综览_凑幸卫,45.93860178,21.28882506,19.7839773,赤
筍皮棕,色谱_perchouli,28.495,28.761,31.816,赤
椰壳棕,色谱_perchouli,34.713,31.558,32.846,赤
槟榔棕,色谱_perchouli,52.645,32.131,54.377,赤
槟榔棕,中国色名综览_凑幸卫,44.40499084,22.67831941,34.76022761,赤
鹅冠红,色谱_perchouli,44.925,66.647,39.401,赤
唐菖蒲红,色谱_perchouli,47.735,69.813,40.898,赤
唐菖蒲红,中国色名综览_凑幸卫,53.67987668,58.45151738,24.18634449,赤
陶瓷红,色谱_perchouli,57.879,44.016,57.372,赤
菠萝红,色谱_perchouli,65.428,45.86,60.388,赤
菠萝红,中国色名综览_凑幸卫,67.62519792,47.10597264,44.10321642,赤
燕颔红,色谱_perchouli,61.377,55.446,66.472,赤
晨曦红,中国色名综览_凑幸卫,67.6433214,39.88286474,34.25320243,赤
野蔷薇红,色谱_perchouli,72.426,32.142,41.056,赤
野蔷薇红,中国色名综览_凑幸卫,74.05461375,29.46806016,21.88260536,赤
绀红,中国色名综览_凑幸卫,41.16846475,30.79501468,23.14849493,赤
莓酱红,色谱_perchouli,60.095,57.378,64.29,赤
瓜瓤红,色谱_perchouli,68.895,36.349,40.779,赤
瓜瓤红,中国色名综览_凑幸卫,65.63460301,39.47077932,22.34062845,赤
芙蓉红,色谱_perchouli,63.768,48.539,52.826,赤
落霞红,色谱_perchouli,49.437,51.31,55.247,赤
蟹蝥红,色谱_perchouli,44.991,39.536,40.347,赤
榴花红,色谱_perchouli,55.719,63.632,60.972,赤
榴花红,中国色名综览_凑幸卫,65.29499944,53.5450444,34.52226211,赤
柿红,色谱_perchouli,55.682,63.008,59.813,赤
柿红,中国色名综览_凑幸卫,55.71900279,59.06456442,24.54723428,赤
蜻蜓红,色谱_perchouli,55,64.138,58.477,赤
蜻蜓红,中国色名综览_凑幸卫,65.29634,48.89943811,19.96184415,赤
铁水红,色谱_perchouli,54.479,68.813,58.805,赤
铁水红,中国色名综览_凑幸卫,61.64000334,57.82772868,15.67103369,赤
铁水红,中国色名综览_凑幸卫,64.05278203,55.74616174,35.79593874,赤
极光红,色谱_perchouli,54.331,67.689,57.33,赤
红汞红,色谱_perchouli,54.501,66.542,55.694,赤
谷鞘红,中国色名综览_凑幸卫,74.04365536,39.90681497,22.6828303,赤
苹果红,色谱_perchouli,57.804,58.409,43.527,赤
苹果红,中国色名综览_凑幸卫,64.0796225,50.58793571,12.75954922,赤
苹果红,中国色名综览_凑幸卫,71.55899501,47.20049815,28.738336,赤
桂红,色谱_perchouli,58.649,57.3,41.833,赤
夕阳红,色谱_perchouli,48.582,66.251,54.08,赤
夕阳红,中国色名综览_凑幸卫,64.53646046,59.57112419,15.81005405,赤
樱桃红,中国色名综览_凑幸卫,42.06119909,63.32696659,22.75339291,赤
珊瑚红,色谱_perchouli,55.821,62.456,45.576,赤
珊瑚红,中国色名综览_凑幸卫,53.92750678,49.59128172,20.11690722,赤
鹤顶红,色谱_perchouli,46.159,64.65,51.824,赤
鹤顶红,中国色名综览_凑幸卫,50.33430705,55.36108032,23.22483818,赤
鱼鳃红,色谱_perchouli,53.324,66.296,48.578,赤
丽春红,色谱_perchouli,50.838,70.783,56.072,赤
丽春红,中国色名综览_凑幸卫,41.21730023,62.97303858,27.92101579,赤
覆盆子红,色谱_perchouli,37.517,54.694,41.049,赤
覆盆子红,中国色名综览_凑幸卫,43.63310409,42.17184942,15.62573906,赤
秋海棠红,色谱_perchouli,51.489,70.119,52.252,赤
秋海棠红,中国色名综览_凑幸卫,43.11003902,63.08926019,22.9116134,赤
淡菽红,色谱_perchouli,55.149,62.699,38.677,赤
淡菽红,中国色名综览_凑幸卫,61.68144851,44.4838469,17.86146302,赤
枸枢红,色谱_perchouli,52.528,68.75,45.692,赤
橘橙,色谱_perchouli,65.668,42.287,67.42,赤
橘橙,中国色名综览_凑幸卫,71.59721311,33.87362256,61.5061658,赤
美人焦橙,色谱_perchouli,66.038,42.317,65.625,赤
海螺橙,色谱_perchouli,69.824,29.63,43.283,赤
海螺橙,中国色名综览_凑幸卫,71.59713991,33.02909294,25.8432358,赤
金莲花橙,色谱_perchouli,62.14,50.551,64.393,赤
醉瓜肉,色谱_perchouli,63.515,27.306,49.854,赤
醉瓜肉,中国色名综览_凑幸卫,61.68137125,19.9315651,27.47170875,赤
金驼,人造丝绸缎色谱_何进丰,50,8,17,赤
曙红,DIC中国传统色,38.181,51.211,20.95,赤
曙红,中国颜色_黄仁达,45.871,47.236,46.53,赤
曙红,中国美色_中国国家地理,45.871,47.236,46.53,赤
曙红,绞丝染色基本色谱_何进丰,43,55,23,赤
橙色,DIC中国传统色,57.891,30.342,50.018,赤
粉橙色,DIC中国传统色,66.873,26.318,38.757,赤
緅絺,故宫里的色彩美学_郭浩,37.764,18.955,26.91,赤
朱石栗,故宫里的色彩美学_郭浩,37.143,21.009,27.363,赤
小红,染作江南春水色_金成熺,55.44,29.48,21.97,赤
茶褐,染作江南春水色_金成熺,55.44,29.48,21.97,黑
珊瑚赫,故宫里的色彩美学_郭浩,43.125,57.374,44.101,赤
綪茷,故宫里的色彩美学_郭浩,36.067,47.085,33.252,赤
黄丹,故宫里的色彩美学_郭浩,56.133,55.183,61.771,赤
洛神珠,故宫里的色彩美学_郭浩,47.878,58.187,52.528,赤
丹雘,故宫里的色彩美学_郭浩,42.682,64.538,45.256,赤
水华朱,故宫里的色彩美学_郭浩,36.829,53.072,32.261,赤
朱颜酡,故宫里的色彩美学_郭浩,71.759,29.213,32.57,赤
丹罽,故宫里的色彩美学_郭浩,48.099,74.232,56.84,赤
朱孔阳,故宫里的色彩美学_郭浩,39.898,60.281,27.572,赤
胭脂虫,故宫里的色彩美学_郭浩,37.216,55.203,35.258,赤
朱樱,故宫里的色彩美学_郭浩,31.43,46.791,27.322,赤
琼琚,故宫里的色彩美学_郭浩,62.159,31.497,28.193,赤
岱赭,敦煌彩绘文物数字化保护色卡制作方法研究_梁金星,31.33,27.21,16.82,赤
朱殷,故宫里的色彩美学_郭浩,43.483,50.011,40.3,赤
光明砂,故宫里的色彩美学_郭浩,52.701,40.789,52.837,赤
媚蝶,故宫里的色彩美学_郭浩,54.156,26.314,42.949,赤
韎韐,故宫里的色彩美学_郭浩,43.533,28.337,41.433,赤
铅丹,敦煌彩绘文物数字化保护色卡制作方法研究_梁金星,64.43,54.22,53.91,赤
朱缥,敦煌彩绘文物数字化保护色卡制作方法研究_梁金星,64.48,54.19,51,赤
朱砂,钧瓷色彩的特征与分类体系研究_王庆斌,30.425,40.166,17.9,赤
赤色,中国颜色_黄仁达,44.585,62.828,34.883,赤
大红,中国传统色彩图鉴_鸿洋,47,68.006,47.976,赤
绛色,中国颜色_黄仁达,47,68.006,47.976,赤
绛色,中国美色_中国国家地理,47,68.006,47.976,赤
绛色,古色之美_青简,27.743,31.679,18.228,赤
浅桔红,绞丝染色基本色谱_何进丰,70,36,37,赤
深肉色,绞丝染色基本色谱_何进丰,75,31,35,赤
深米棕,绞丝染色基本色谱_何进丰,66,28,42,赤
宝石红,钧瓷色彩的特征与分类体系研究_王庆斌,40.224,60.233,43.086,赤
火焰红,钧瓷色彩的特征与分类体系研究_王庆斌,40.771,59.726,41.579,赤
朝霞红,钧瓷色彩的特征与分类体系研究_王庆斌,23.892,44.028,28.149,赤
牛血红,钧瓷色彩的特征与分类体系研究_王庆斌,38.528,55.334,42.242,赤
茶叶末,钧瓷色彩的特征与分类体系研究_王庆斌,36.617,21.629,36.047,赤
罗兰紫,钧瓷色彩的特征与分类体系研究_王庆斌,24.179,41.32,28.284,赤
樱红,涤棉色谱_何进丰,52,61,28,赤
赤,先秦色彩_肖世孟,66,52,31,赤
杏黄,国标,72,35.4,54.8,黄
杏黄,色谱_perchouli,69.279,34.007,71.631,黄
杏黄,乾隆色谱_刘剑,73,16,85,黄
杏黄,故宫里的色彩美学_郭浩,57.787,23.38,60.275,黄
杏黄,古色之美_青简,65.004,33.254,60.423,黄
杏黄,染色样本士林类_何进丰,67,9,25,黄
杏黄,染色样本纳夫妥类_何进丰,60,24,28,黄
杏黄,染色样本硫化类_何进丰,59,10,24,黄
杏黄,绞丝染色基本色谱_何进丰,88,5,50,黄
浅杏黄,绞丝染色基本色谱_何进丰,88,5,50,黄
杏黄,中国色名综览_凑幸卫,76.50751126,35.55919481,42.30820374,黄
米黄,国标,90.3,0,7.2,黄
米色,国标,90.3,0,7.2,黄
米白,国标,90.3,0,7.2,黄
米黄,中国美色_中国国家地理,92.568,-0.89,5.192,黄
米白,中国美色_中国国家地理,92.568,-0.89,5.192,黄
米黄,中国色名综览_凑幸卫,91.08182304,6.52712531,8.818286854,黄
米白,色谱_perchouli,90.471,6.119,12.08,黄
蜜黄,涤棉色谱_何进丰,89,1,43,黄
蜜黄,中国色名综览_凑幸卫,83.8614894,17.70317431,37.54357758,黄
黄,国标,80.4,3.9,89.9,黄
黄,古色之美_青简,82.776,4.136,85.66,黄
黄,先秦色彩_肖世孟,68,22,68,黄
青黄,国标,80.2,-6.2,84.7,黄
柳黄,中国美色_中国国家地理,76.629,-16.275,64.121,黄
芽绿,中国传统色彩图鉴_鸿洋,76.629,-16.275,64.121,黄
石黄,敦煌彩绘文物数字化保护色卡制作方法研究_梁金星,80.34,0.96,83.96,黄
石黄,中国色名综览_凑幸卫,76.528184,8.595019207,21.37768195,黄
鹅黄,染作江南春水色_金成熺,77.89,-10.8,20.2,黄
鹅黄,古色之美_青简,89.289,-5.771,60.97,黄
明黄,中国颜色_黄仁达,88.57,-3.148,72.379,黄
明黄,中国美色_中国国家地理,88.57,-3.148,72.379,黄
赤黄,国标,78.2,20.1,24.9,黄
葵黄,国标,71.7,27.8,76.1,黄
葵黄,色谱_perchouli,84.122,3.397,83.467,黄
葵黄,中国色名综览_凑幸卫,82.32881247,10.18265987,79.06977159,黄
土黄,国标,63.8,17.6,66,黄
土黄,色谱_perchouli,69.133,9.379,67.989,黄
土黄,中国色名综览_凑幸卫,66.4996932,6.799616769,38.05888003,黄
藤黄,国标,64.6,14.4,57.4,黄
藤黄,中国色名综览_凑幸卫,87.71765655,-0.372825429,84.76815222,黄
姜黄,国标,55,12.5,40.4,黄
姜黄,色谱_perchouli,78.472,-2.017,73.617,黄
姜黄,DIC中国传统色,58.744,0.42,41.838,黄
姜黄,染色样本纳夫妥类_何进丰,77,22,75,黄
姜黄,中国美色_中国国家地理,54.5,5.794,39.542,黄
浅草绿,国标,73.5,-19.4,71.8,黄
浅草绿,DIC中国传统色,78.998,-21.079,35.596,黄
秋香绿,国标,65.7,-8.7,51.9,黄
金黄,国标,68.9,19.2,52.1,黄
金黄,色谱_perchouli,64.28,40.615,65.026,黄
金黄,乾隆色谱_刘剑,65,19,71,黄
金黄,故宫里的色彩美学_郭浩,53.226,20.758,39.474,黄
凋叶棕,人造丝绸缎色谱_何进丰,67,23,28,黄
鲑鱼红,中国色名综览_凑幸卫,75.55014293,19.78337413,26.71163455,黄
瓜瓤粉,中国色名综览_凑幸卫,83.86228921,14.38175441,26.4142956,黄
玫瑰粉,中国色名综览_凑幸卫,83.85600898,20.70654141,18.00502399,黄
淡橘橙,中国色名综览_凑幸卫,73.55548764,31.46865431,56.19206855,黄
佛手黄,色谱_perchouli,86.874,-2.087,84.228,黄
香蕉黄,色谱_perchouli,78.345,-1.075,78.058,黄
油菜花黄,中国色名综览_凑幸卫,91.06744344,-0.416547711,47.96747822,黄
柚黄,中国色名综览_凑幸卫,83.82859372,-6.637501825,80.78357917,黄
草黄,色谱_perchouli,73.887,-2.55,67.6,黄
金瓜黄,中国色名综览_凑幸卫,87.72517806,-0.400304252,69.41218156,黄
麦秆黄,色谱_perchouli,88.877,-4.809,56.731,黄
麦秆黄,中国色名综览_凑幸卫,91.06690779,0.270079719,33.42048411,黄
茉莉黄,色谱_perchouli,88.899,-4.654,55.831,黄
茉莉黄,中国色名综览_凑幸卫,91.07018638,4.649621876,21.80902028,黄
柠檬黄,色谱_perchouli,85.788,-0.193,76.32,黄
柠檬黄,DIC中国传统色,86.252,-13.184,69.902,黄
柠檬黄,中国色名综览_凑幸卫,87.73498088,7.188486536,51.97988314,黄
素馨黄,中国色名综览_凑幸卫,86.28533753,8.453202825,65.71897516,黄
乳鸭黄,色谱_perchouli,83.476,5.314,83.608,黄
葵扇黄,色谱_perchouli,87.052,-1.713,57.374,黄
葵扇黄,人造丝绸缎色谱_何进丰,72,3,23,黄
葵扇黄,中国色名综览_凑幸卫,91.08190696,5.810484712,38.38816172,黄
大豆黄,色谱_perchouli,84.172,2.258,76.661,黄
金盏黄,色谱_perchouli,81.7,7.089,82.675,黄
杏仁黄,色谱_perchouli,93.482,-1.968,21.499,黄
杏仁黄,中国色名综览_凑幸卫,92.5816435,4.46535872,10.33785245,黄
谷黄,色谱_perchouli,74.963,8.371,77.288,黄
淡茧黄,色谱_perchouli,86.955,-0.348,54.505,黄
淡茧黄,中国色名综览_凑幸卫,94.88928882,4.902141391,32.06415627,黄
雅梨黄,色谱_perchouli,82.928,4.768,76.162,黄
雅梨黄,中国色名综览_凑幸卫,83.85807669,14.72428355,56.62135419,黄
淡蜜黄,色谱_perchouli,85.862,1.032,57.408,黄
芥黄,色谱_perchouli,70.412,8.292,72.11,黄
芥黄,中国色名综览_凑幸卫,66.67952473,1.386507464,55.25114766,黄
栀子黄,中国色名综览_凑幸卫,71.56626429,1.184966935,62.81944157,黄
篾黄,色谱_perchouli,89.058,-0.983,37.486,黄
炒米黄,染色样本士林类_何进丰,78,8,18,黄
琥珀黄,色谱_perchouli,79.733,12.612,81.392,黄
琥珀黄,中国颜色_黄仁达,62.719,14.765,40.748,黄
琥珀黄,中国美色_中国国家地理,62.719,14.765,40.748,黄
琥珀黄,中国传统色彩图鉴_鸿洋,56.92,28.821,43.308,黄
琥珀黄,中国色名综览_凑幸卫,84.92480304,17.11593936,69.53056386,黄
鼬黄,色谱_perchouli,78.804,13.348,80.34,黄
鸡蛋黄,中国色名综览_凑幸卫,81.33513087,23.83344854,58.22792999,黄
鹅掌黄,中国色名综览_凑幸卫,81.34816268,23.18472437,55.1385863,黄
麦芽糖黄,中国色名综览_凑幸卫,91.08188002,12.33901345,19.82456056,黄
橙皮黄,色谱_perchouli,73.675,24.798,77.48,黄
橙皮黄,中国色名综览_凑幸卫,76.52851792,28.71676471,80.27094103,黄
枇杷黄,绞丝染色基本色谱_何进丰,75,31,70,黄
枇杷黄,中国色名综览_凑幸卫,77.47500636,33.76248351,61.9943099,黄
金叶黄,色谱_perchouli,75.185,23.537,77.353,黄
金叶黄,人造丝绸缎色谱_何进丰,70,35,54,黄
金叶黄,中国色名综览_凑幸卫,74.97533446,28.64642311,79.87311926,黄
金莺黄,人造丝绸缎色谱_何进丰,63,23,28,黄
金莺黄,中国色名综览_凑幸卫,75.54566818,24.99619907,38.58466806,黄
软木黄,中国色名综览_凑幸卫,71.59708987,19.81473299,26.84113233,黄
榴萼黄,中国色名综览_凑幸卫,74.54626811,27.16197826,44.15809984,黄
万寿菊黄,色谱_perchouli,68.745,35.771,74.081,黄
万寿菊黄,中国色名综览_凑幸卫,71.56915659,43.97752942,59.51038405,黄
蛋壳黄,中国色名综览_凑幸卫,83.85970391,17.47510237,22.0107544,黄
北瓜黄,色谱_perchouli,69.168,36.067,68.258,黄
北瓜黄,中国色名综览_凑幸卫,76.51835035,29.96034808,32.26211704,黄
姚黄,色谱_perchouli,86.283,-13.419,24.002,黄
姚黄,中国色名综览_凑幸卫,81.33305012,-17.79528388,23.14432264,黄
新禾绿,色谱_perchouli,73.028,-1.553,72.437,黄
枯绿,色谱_perchouli,60.925,5.669,62.646,黄
枯绿,DIC中国传统色,71.385,-7.204,32.513,黄
枯绿,中国美色_中国国家地理,67.208,-3.071,24.015,黄
枯绿,中国色名综览_凑幸卫,61.6566488,1.596613768,48.65944777,黄
芽绿,色谱_perchouli,73.296,-32.611,52.394,黄
芽绿,绞丝染色基本色谱_何进丰,73,-9,20,黄
橄榄黄绿,色谱_perchouli,77.868,-21.394,67.404,黄
橄榄黄绿,人造丝绸缎色谱_何进丰,71,-16,42,黄
橄榄黄绿,中国色名综览_凑幸卫,74.03904161,-24.80874988,58.96662048,黄
槐花黄绿,色谱_perchouli,84.346,-16.111,45.811,黄
槐花黄绿,中国色名综览_凑幸卫,81.33434851,-18.16940048,42.01295182,黄
月灰,色谱_perchouli,71.093,-1.89,17.101,黄
黄金色,中国传统色彩图鉴_鸿洋,79.951,6.587,82.216,黄
槐黄,DIC中国传统色,88.927,-13.895,67.36,黄
杨桃色,DIC中国传统色,85.694,-14.926,50.01,黄
牙绿,DIC中国传统色,88.995,-13.346,37.052,黄
苦瓜绿,DIC中国传统色,85.305,-16.129,38.581,黄
嫩草绿,DIC中国传统色,65.584,-14.742,41.767,黄
雌黄,故宫里的色彩美学_郭浩,59.752,9.963,37.829,黄
雌黄,敦煌彩绘文物数字化保护色卡制作方法研究_梁金星,67.66,7.95,36.3,黄
密陀僧,故宫里的色彩美学_郭浩,59.676,-9.729,38.054,黄
密陀僧,敦煌彩绘文物数字化保护色卡制作方法研究_梁金星,81.35,12.9,43.11,黄
密陀僧,中国美色_中国国家地理,65.773,28.634,42.706,黄
水晶末,中国颜色_黄仁达,65.773,28.634,42.706,白
黄白游,故宫里的色彩美学_郭浩,96.031,-10.313,46.092,黄
松花,故宫里的色彩美学_郭浩,93.259,-9.55,62.37,黄
黄栗留,故宫里的色彩美学_郭浩,88.481,-2.085,64.432,黄
嫩鹅黄,中国传统色彩图鉴_鸿洋,84.83,-10.414,55.659,黄
少艾,故宫里的色彩美学_郭浩,90.787,-15.179,39.427,黄
桑蕾,故宫里的色彩美学_郭浩,86.474,-2.721,32.864,黄
绢纨,故宫里的色彩美学_郭浩,88.568,-6.811,39.191,黄
青粲,故宫里的色彩美学_郭浩,82.795,-25.759,63.568,黄
翠缥,故宫里的色彩美学_郭浩,80.116,-29.27,70.604,黄
人籁,故宫里的色彩美学_郭浩,71.762,-29.51,69.043,黄
水龙吟,故宫里的色彩美学_郭浩,63.92,-29.619,57.069,黄
柳叶黄,敦煌彩绘文物数字化保护色卡制作方法研究_梁金星,67.27,-11.89,66.45,黄
檗黄色,中国颜色_黄仁达,89.583,-5.646,55.479,黄
檗黄色,古色之美_青简,89.268,-1.575,20.536,黄
琉璃黄,中国颜色_黄仁达,76.777,5.07,78.387,黄
萱草色,中国颜色_黄仁达,65.849,31.541,63.55,黄
萱草黄,中国美色_中国国家地理,65.849,31.541,63.55,黄
肉色,绞丝染色基本色谱_何进丰,83,16,29,黄
肉色,中国色名综览_凑幸卫,81.32276633,22.34589151,32.54551212,黄
深米黄,绞丝染色基本色谱_何进丰,83,10,45,黄
虎黄,绞丝染色基本色谱_何进丰,68,42,70,黄
葱黄,中国传统色彩图鉴_鸿洋,69.509,-28.502,60.543,黄
嫩绿,中国传统色彩图鉴_鸿洋,69.509,-28.502,60.543,绿
葱黄,中国传统色彩图鉴_鸿洋,69.509,-28.502,60.543,黄
嫩绿,中国传统色彩图鉴_鸿洋,69.509,-28.502,60.543,绿
紫赤金色,中国传统色彩图鉴_鸿洋,74.022,12.893,75.137,黄
韭黄,涤棉色谱_何进丰,66,-10,43,黄
浅韭黄,涤棉色谱_何进丰,80,-20,53,黄
迎春黄,中国色名综览_凑幸卫,91.05366463,-7.010262145,79.09664939,黄
粉白,色谱_perchouli,95.814,0.518,8.307,白
粉白,色谱_perchouli,95.814,0.518,8.307,白
粉白,中国色名综览_凑幸卫,94.53888866,6.477780944,9.062213901,白
牙色,色谱_perchouli,86.4,0.055,35.42,白
牙色,中国色名综览_凑幸卫,91.08186713,4.76476076,24.69969807,白
淡黄,国标,91.2,-0.9,28.1,白
淡黄,DIC中国传统色,90.332,-5.956,28.846,白
月白,色谱_perchouli,96.455,-3.859,1.367,白
月白,中国颜色_黄仁达,91.474,-2.952,-6.928,白
月白,染作江南春水色_金成熺,70.66,-6.76,-13.43,白
月白,中国色名综览_凑幸卫,91.08171916,-6.844989068,-6.342586645,白
银白,中国色名综览_凑幸卫,91.08176574,9.586963566,-8.973411842,白
淡藤萝紫,中国色名综览_凑幸卫,91.08176574,9.586963566,-8.973411842,白
鹿角棕,色谱_perchouli,78.84,7.066,29.362,白
鼠鼻红,中国色名综览_凑幸卫,74.55165321,23.89009676,-6.174221334,白
石蕊红,中国色名综览_凑幸卫,83.85831649,27.16003426,-3.178163793,白
水红,乾隆色谱_刘剑,68,28,19,白
水红,故宫里的色彩美学_郭浩,77.719,24.344,-0.05,白
介壳淡粉红,中国色名综览_凑幸卫,81.31810567,22.37047905,13.40477061,白
玉粉红,色谱_perchouli,77.361,15.331,20.517,白
玉粉红,中国色名综览_凑幸卫,74.55347211,17.12841962,21.30786755,白
润红,色谱_perchouli,85.539,12.282,14.007,白
草珠红,中国色名综览_凑幸卫,91.08178094,10.56225984,-6.168664219,白
洋水仙红,中国色名综览_凑幸卫,83.85259258,24.82477234,5.934438393,白
无花果红,色谱_perchouli,77.299,23.09,10.259,白
无花果红,中国色名综览_凑幸卫,74.54647957,24.01825769,2.657614431,白
淡桃红,中国色名综览_凑幸卫,74.05900918,23.40430489,9.353632912,白
淡肉色,中国色名综览_凑幸卫,94.72379792,8.047384243,20.0667779,白
酪黄,中国色名综览_凑幸卫,91.08187525,8.652070216,22.70714183,白
浅驼色,色谱_perchouli,79.481,2.75,39.001,白
浅驼色,DIC中国传统色,70.039,3.188,20.662,白
玉簪绿,色谱_perchouli,78.175,-16.6,5.829,白
竹篁绿,色谱_perchouli,85.389,-16.193,6.277,白
淡翠绿,色谱_perchouli,86.479,-12.567,8.481,白
嘉陵水绿,色谱_perchouli,81.336,-22.632,21.001,白
嘉陵水绿,中国色名综览_凑幸卫,84.92377881,-22.35779174,18.77042227,白
嫩荷绿,中国色名综览_凑幸卫,84.92377881,-22.35779174,18.77042227,绿
嘉陵水绿,中国色名综览_凑幸卫,84.92377881,-22.35779174,18.77042227,白
嫩荷绿,中国色名综览_凑幸卫,84.92377881,-22.35779174,18.77042227,绿
艾背绿,色谱_perchouli,91.901,-8.381,9.677,白
艾背绿,中国色名综览_凑幸卫,92.08225844,-8.20633707,1.911572388,白
海沬绿,色谱_perchouli,90.36,-8.33,18.951,白
星蓝,色谱_perchouli,72.064,-5.468,-16.884,白
星蓝,中国色名综览_凑幸卫,84.92374055,2.284669575,-16.4110387,白
云水蓝,中国色名综览_凑幸卫,74.08780786,4.194980455,-15.90497694,白
远天蓝,人造丝绸缎色谱_何进丰,70,-6,-6,白
井天蓝,中国色名综览_凑幸卫,76.53042039,1.346632046,-20.18436299,白
海天蓝,色谱_perchouli,89.122,-10.021,-4.49,白
海天蓝,人造丝绸缎色谱_何进丰,67,-8,-13,白
海天蓝,中国色名综览_凑幸卫,83.83954734,-12.28285877,-9.474831036,白
丁香淡紫,中国色名综览_凑幸卫,81.33361194,23.30438266,-14.20213338,白
芝兰紫,中国色名综览_凑幸卫,81.34800824,28.55103253,-6.509152136,白
凤信紫,中国色名综览_凑幸卫,71.59244544,17.48939529,-14.19542735,白
淡牵牛紫,中国色名综览_凑幸卫,74.08338442,20.49936847,-16.39394907,白
远山紫,中国色名综览_凑幸卫,81.33977994,11.4477911,-13.57098553,白
淡蓝紫,中国色名综览_凑幸卫,71.58994197,16.43810277,-18.60686315,白
银灰,色谱_perchouli,54.735,4.108,9.977,白
芦穗灰,中国色名综览_凑幸卫,61.68123399,11.32818906,-4.847167939,白
象牙白,色谱_perchouli,99.581,-0.706,2.979,白
雪白,色谱_perchouli,99.606,-0.535,2.501,白
雪白,中国传统色彩图鉴_鸿洋,92.138,-2.448,-5.211,白
乳白,色谱_perchouli,96.001,-2.299,12.164,白
荷花白,中国色名综览_凑幸卫,95.16009527,11.31725727,0.483818512,白
蚌肉白,中国色名综览_凑幸卫,95.37596672,4.120447389,10.51711819,白
浅灰,涤棉色谱_何进丰,59,-4,-1,白
浅灰,涤棉色谱_何进丰,64,1,2,白
浅灰,涤棉色谱_何进丰,70,0,4,白
中灰,敦煌彩绘文物数字化保护色卡制作方法研究_梁金星,62.56,0.88,1.31,白
星灰,中国色名综览_凑幸卫,64.23665987,2.484280428,-11.54857678,白
海参灰,色谱_perchouli,99.63,-0.363,2.024,白
淡玫瑰灰,色谱_perchouli,64.214,11.233,13.044,白
淡玫瑰灰,中国色名综览_凑幸卫,61.64490383,16.38527543,2.152916086,白
百灵鸟灰,色谱_perchouli,69.58,0.103,13.308,白
肉棕灰,DIC中国传统色,66.655,5.365,14.759,白
肉棕灰,DIC中国传统色,66.655,5.365,14.759,白
乳棕,DIC中国传统色,76.138,-1.305,23.749,白
十样锦,DIC中国传统色,75.086,24.119,13.617,白
十样锦,故宫里的色彩美学_郭浩,83.801,15.359,15.283,白
骆驼色,DIC中国传统色,73.674,7.445,23.739,白
浅桔黄,DIC中国传统色,73.674,7.445,23.739,白
富春纺色,DIC中国传统色,85.998,2.212,26.6,白
深银灰,DIC中国传统色,71.556,-2.603,11.148,白
浅鲜绿,DIC中国传统色,87.003,-16.213,0.173,白
浅水绿,DIC中国传统色,89.526,-10.324,-0.193,白
龙泉青瓷釉色,DIC中国传统色,77.567,-8.847,9.418,白
紫水晶,DIC中国传统色,73.833,14.087,-16.062,白
鸽灰,DIC中国传统色,72.425,-5.581,-3.639,白
雪灰,染色样本士林类_何进丰,70,19,-6,白
瓷秘,故宫里的色彩美学_郭浩,76.666,-7.313,21.123,白
丁香褐,故宫里的色彩美学_郭浩,65.178,11.826,15.584,白
退红,故宫里的色彩美学_郭浩,86.354,14.846,-5.577,白
扶光,故宫里的色彩美学_郭浩,81.686,11.988,22.318,白
葱青,故宫里的色彩美学_郭浩,93.669,-9.956,25.714,白
凝脂,故宫里的色彩美学_郭浩,98,-5.588,8.298,白
半见,故宫里的色彩美学_郭浩,97.785,-6.761,25.473,白
女贞黄,故宫里的色彩美学_郭浩,93.425,-6.612,32.634,白
莺儿,故宫里的色彩美学_郭浩,89.101,-5.069,28.694,白
酂白,故宫里的色彩美学_郭浩,97.206,-4.57,9.737,白
断肠,故宫里的色彩美学_郭浩,92.196,-6.311,20.073,白
天缥,故宫里的色彩美学_郭浩,91.233,-9.101,2.377,白
云门,故宫里的色彩美学_郭浩,81.436,-11.911,-12.967,白
井天,故宫里的色彩美学_郭浩,78.476,-11.576,-5.566,白
碧落,故宫里的色彩美学_郭浩,81.991,-4.611,-18.46,白
星郎,故宫里的色彩美学_郭浩,83.729,-4.063,-12.034,白
晴山,故宫里的色彩美学_郭浩,75.102,-1.094,-18.728,白
盈盈,故宫里的色彩美学_郭浩,88.101,15.828,-2.915,白
鸣珂,故宫里的色彩美学_郭浩,72.913,-5.103,12.521,白
青古,故宫里的色彩美学_郭浩,75.354,-7.128,8.929,白
漂净肤色,敦煌彩绘文物数字化保护色卡制作方法研究_梁金星,83.92,23.7,19.4,白
碧玉,敦煌彩绘文物数字化保护色卡制作方法研究_梁金星,84.31,-16.99,18.44,白
白珊瑚,敦煌彩绘文物数字化保护色卡制作方法研究_梁金星,97.57,0.77,3.45,白
杏皮,染色样本纳夫妥类_何进丰,63,10,20,白
海沫绿,人造丝绸缎色谱_何进丰,72,-7,19,白
海沫绿,中国色名综览_凑幸卫,84.85352262,-14.02429319,18.42503093,白
牙妃,绞丝染色基本色谱_何进丰,86,12,13,白
浅湖绿,绞丝染色基本色谱_何进丰,83,-19,6,白
浅湖绿,涤棉色谱_何进丰,89,-10,4,白
鱼青,绞丝染色基本色谱_何进丰,75,-8,7,白
浅湖兰,绞丝染色基本色谱_何进丰,82,-15,0,白
粉蓝,中国传统色彩图鉴_鸿洋,86.506,-7.365,-7.416,白
浅妃,涤棉色谱_何进丰,90,17,6,白
浅蜜黄,涤棉色谱_何进丰,94,-3,26,白
浅蜜,涤棉色谱_何进丰,99,-3,22,白
浅嫩黄,涤棉色谱_何进丰,94,-11,28,白
浅果绿,涤棉色谱_何进丰,86,-14,11,白
浅果绿,涤棉色谱_何进丰,81,-12,13,白
浅兰绿,涤棉色谱_何进丰,85,-16,-1,白
浅月灰,涤棉色谱_何进丰,74,-4,5,白
浅灰绿,中国色名综览_凑幸卫,71.57841164,-0.456738724,18.41555524,白
玻璃绿,中国色名综览_凑幸卫,76.53155533,-7.690831721,1.771127841,白
石蕊蓝,中国色名综览_凑幸卫,71.59690012,13.04425647,-18.17254113,白
淡青莲,中国色名综览_凑幸卫,81.34793178,17.02357815,-13.89570045,白
莲瓣白,中国色名综览_凑幸卫,93.53874898,3.702998579,-12.20551244,白
白,先秦色彩_肖世孟,100,0,0,白
砖褐,染色样本纳夫妥类_何进丰,41,17,17,黑
枣褐,色谱_perchouli,29.517,28.188,30.276,黑
枣褐,故宫里的色彩美学_郭浩,28.529,19.772,26.896,黑
枣褐,染作江南春水色_金成熺,53.32,22.93,6.16,黑
茶褐,国标,40.6,5.6,25.3,黑
黑棕,中国传统色彩图鉴_鸿洋,36.204,14.847,25.506,黑
赭绿,中国传统色彩图鉴_鸿洋,45.581,1.602,33.347,黑
深蓝,国标,32,-8.6,-22.4,黑
深蓝,染色样本士林类_何进丰,30,5,-37,黑
深蓝,染色样本纳夫妥类_何进丰,28,2,-26,黑
葡萄紫,国标,31.8,22.5,-19.3,黑
葡萄紫,色谱_perchouli,18.559,21.846,6.995,黑
葡萄紫,中国颜色_黄仁达,29.382,19.998,-14.511,黑
葡萄紫,中国传统色彩图鉴_鸿洋,30.079,21.105,-11.252,黑
葡萄紫,中国色名综览_凑幸卫,41.21698588,12.42185484,-0.085884091,黑
丁香棕,色谱_perchouli,30.007,23.982,27.207,黑
丁香棕,人造丝绸缎色谱_何进丰,57,11,18,黑
淡栗棕,中国色名综览_凑幸卫,41.15930542,15.60183133,7.732025933,黑
可可棕,色谱_perchouli,25.5,24.967,22.129,黑
柞叶棕,色谱_perchouli,25.978,27.156,23.485,黑
柞叶棕,中国色名综览_凑幸卫,33.60343141,21.12502956,18.32261098,黑
橡树棕,色谱_perchouli,32.88,24.019,18.737,黑
酱棕,中国色名综览_凑幸卫,33.56931129,25.98675595,10.61356468,黑
淡松烟,色谱_perchouli,28.002,2.878,11.893,黑
砖褐,色谱_perchouli,21.112,28.051,18.446,黑
栗棕,色谱_perchouli,21.112,28.051,18.446,黑
栗棕,中国色名综览_凑幸卫,30.69821491,25.5379923,11.87853527,黑
中灰驼,人造丝绸缎色谱_何进丰,58,2,9,黑
中灰驼,中国色名综览_凑幸卫,46.53034346,10.95630711,3.350712465,黑
古铜绿,色谱_perchouli,27.159,5.965,23.964,黑
古铜绿,中国色名综览_凑幸卫,46.00618803,1.645192133,16.62857272,黑
焦茶绿,色谱_perchouli,27.09,7.376,25.666,黑
焦茶绿,中国色名综览_凑幸卫,46.5367209,1.76835939,25.82225145,黑
蟹壳绿,色谱_perchouli,26.977,5.415,20.718,黑
蟹壳绿,中国色名综览_凑幸卫,55.3001264,1.534901327,20.99626507,黑
深海绿,色谱_perchouli,22.223,-14.77,1.875,黑
深海绿,中国色名综览_凑幸卫,41.1205401,-12.83755371,-3.846532813,黑
苍绿,色谱_perchouli,23.841,-12.876,1.597,黑
苍绿,DIC中国传统色,42.834,-9.354,13.264,黑
苍绿,中国色名综览_凑幸卫,46.54071269,-6.98929493,-3.521909172,黑
莽丛绿,色谱_perchouli,10.231,-5.343,0.598,黑
云杉绿,色谱_perchouli,12.225,-8.287,3.47,黑
云杉绿,中国色名综览_凑幸卫,25.00698478,-18.08164319,1.504827046,黑
槲寄生绿,色谱_perchouli,19.606,-3.81,2.313,黑
钢蓝,色谱_perchouli,6.532,2.584,-11.038,黑
钢蓝,中国色名综览_凑幸卫,34.63791812,7.345578556,-17.29045409,黑
燕颔蓝,色谱_perchouli,8.298,1.575,-9.037,黑
暗蓝,色谱_perchouli,11.299,-0.06,-13.218,黑
暗蓝,中国色名综览_凑幸卫,30.76027032,0.93252897,-21.74629848,黑
深灰蓝,色谱_perchouli,16.398,-7.204,-7.482,黑
深灰蓝,人造丝绸缎色谱_何进丰,39,-9,-9,黑
深灰蓝,中国色名综览_凑幸卫,33.51847561,-10.02812474,-10.35796361,黑
栗紫,色谱_perchouli,19.837,29.86,15.44,黑
栗紫,中国色名综览_凑幸卫,33.58170278,25.42142271,6.588898684,黑
猪肝紫,色谱_perchouli,19.807,25.723,8.943,黑
猪肝紫,中国色名综览_凑幸卫,34.92861268,16.80084937,-5.348013625,黑
李紫,色谱_perchouli,9.027,13.436,2.959,黑
李紫,中国色名综览_凑幸卫,33.59699386,25.83122711,-0.603610407,黑
卵石紫,中国色名综览_凑幸卫,41.21702399,21.7119697,0.214847232,黑
火鹅紫,色谱_perchouli,11.262,16.986,0.359,黑
茄皮紫,色谱_perchouli,7.841,17.765,3.314,黑
茄皮紫,钧瓷色彩的特征与分类体系研究_王庆斌,21.211,18.219,3.101,黑
茄皮紫,中国色名综览_凑幸卫,30.69429804,27.5028716,0.775962242,黑
深牵牛紫,色谱_perchouli,5.504,9.426,-5.522,黑
深牵牛紫,中国色名综览_凑幸卫,29.80147681,19.7167644,-15.68273058,黑
乌梅紫,色谱_perchouli,7.502,7.895,-4.84,黑
乌梅紫,中国色名综览_凑幸卫,30.73106656,15.68527678,-12.74159072,黑
剑锋紫,中国色名综览_凑幸卫,45.06499193,7.364553298,-12.02150446,黑
暗龙胆紫,色谱_perchouli,13.048,4.757,-8.945,黑
暗蓝紫,色谱_perchouli,6.022,6.295,-12.56,黑
野葡萄紫,色谱_perchouli,20.71,8.196,-17.141,黑
野葡萄紫,中国色名综览_凑幸卫,41.20559553,7.081839672,-16.64196774,黑
晶石紫,色谱_perchouli,13.794,9.77,-20.587,黑
晶石紫,中国色名综览_凑幸卫,23.48965037,7.586334789,-17.2531574,黑
白屈菜绿,中国色名综览_凑幸卫,51.57711027,-7.370921902,0.104968463,青
河豚灰,中国色名综览_凑幸卫,51.57711027,-7.370921902,0.104968463,黑
水牛灰,中国色名综览_凑幸卫,42.26353506,3.558462537,-12.33027841,黑
牛角灰,中国色名综览_凑幸卫,45.35727633,3.712573649,-12.13049299,黑
古鼎灰,中国色名综览_凑幸卫,43.46482488,9.744178672,-10.5197874,黑
斑鸠灰,色谱_perchouli,20.943,16.563,-2.205,黑
斑鸠灰,中国色名综览_凑幸卫,34.16078244,18.4413228,-5.732977499,黑
苍蝇灰,中国色名综览_凑幸卫,55.13513644,11.66220385,-1.10105595,黑
淡铁灰,中国色名综览_凑幸卫,55.32238125,10.87551923,2.773951963,黑
珠母灰,中国色名综览_凑幸卫,55.44261705,9.340038999,6.453886023,黑
橄榄灰,色谱_perchouli,27.623,4.766,15.282,黑
橄榄灰,DIC中国传统色,62.003,-8.686,7.118,黑
橄榄灰,染色样本士林类_何进丰,53,-5,9,黑
古铜,涤棉色谱_何进丰,48,17,17,黑
元青,中国美色_中国国家地理,27.503,0.426,8.119,黑
墨色,中国美色_中国国家地理,40.009,-2.646,-9.217,黑
深烟,DIC中国传统色,39.076,3.63,1.317,黑
烟栗色,中国美色_中国国家地理,22.896,7.401,9.019,黑
绀青,中国美色_中国国家地理,24.8,5.687,-25.553,黑
劳动布色,DIC中国传统色,32.174,4.219,-19.389,黑
龙战,故宫里的色彩美学_郭浩,30.778,7.969,25.081,黑
青骊,故宫里的色彩美学_郭浩,18.114,12.072,15.064,黑
目童子,故宫里的色彩美学_郭浩,25.628,16.785,18.115,黑
素綦,故宫里的色彩美学_郭浩,35.102,-2.887,19.631,黑
福色,故宫里的色彩美学_郭浩,26.036,26.958,10.46,黑
驼褐,故宫里的色彩美学_郭浩,41.4,9.695,21.962,黑
螺青,故宫里的色彩美学_郭浩,32.055,-11.335,10.253,黑
青緺,故宫里的色彩美学_郭浩,28.629,-8.649,-9.629,黑
结绿,故宫里的色彩美学_郭浩,38.987,-7.625,9.021,黑
绿云,故宫里的色彩美学_郭浩,30.321,-4.188,6.638,黑
骐驎,故宫里的色彩美学_郭浩,15.897,8.244,-27.615,黑
螺子黛,故宫里的色彩美学_郭浩,21.625,-11.504,-7.121,黑
璆琳,故宫里的色彩美学_郭浩,20.926,6.02,-10.006,黑
帝释青,故宫里的色彩美学_郭浩,21.208,3.37,-30.456,黑
佛头青,故宫里的色彩美学_郭浩,21.259,7.415,-29.675,黑
獭见,故宫里的色彩美学_郭浩,10.544,0.33,-9.264,黑
京元,故宫里的色彩美学_郭浩,20.503,-1.789,3.671,黑
绀色,中国颜色_黄仁达,38.98,3.754,-15.377,黑
绀色,古色之美_青简,15.784,-4.078,-18.882,黑
黑色,古色之美_青简,13.184,-0.521,2.264,黑
漆黑,古色之美_青简,11.573,0.574,1.111,黑
黛色,古色之美_青简,17.076,5.392,-7.181,黑
毛青,染作江南春水色_金成熺,27.21,-0.13,-24.75,黑
栗色,古色之美_青简,24.724,29.51,17.204,黑
深墨绿,涤棉色谱_何进丰,34,-15,-2,黑
深上青,涤棉色谱_何进丰,31,-3,15,黑
玛瑙红,钧瓷色彩的特征与分类体系研究_王庆斌,17.014,20.945,14.627,黑
褐红,钧瓷色彩的特征与分类体系研究_王庆斌,11.783,9.227,7.605,黑
油青,钧瓷色彩的特征与分类体系研究_王庆斌,29.202,1.826,18.591,黑
葛花紫,钧瓷色彩的特征与分类体系研究_王庆斌,20.298,27.57,11.819,黑
黑彩,钧瓷色彩的特征与分类体系研究_王庆斌,14.726,1.974,3.707,黑
煤黑,中国美色_中国国家地理,21.293,3.794,4.878,黑
深草绿,涤棉色谱_何进丰,39,-12,14,黑
深草绿,涤棉色谱_何进丰,40,-13,17,黑
深景蓝,涤棉色谱_何进丰,29,5,-25,黑
笋皮棕,中国色名综览_凑幸卫,41.217056,15.47760353,18.28919029,黑
深铬绿,中国色名综览_凑幸卫,33.66676676,-10.41928816,3.312994733,黑
黑,先秦色彩_肖世孟,0,0,0,黑
嫩绿,国标,81,-22.8,48.7,绿
明绿,国标,67.5,-34,49,绿
明绿,色谱_perchouli,78.107,-21.671,11.578,绿
明绿,中国色名综览_凑幸卫,81.34787029,-18.25515106,0.833228603,绿
湖色,国标,65.6,-39.1,-2,绿
湖色,色谱_perchouli,73.009,-33.462,39.093,绿
湖色,DIC中国传统色,51.397,-12.883,-1.735,绿
湖色,绞丝染色基本色谱_何进丰,75,-28,4,绿
湖色,中国传统色彩图鉴_鸿洋,69.431,-27.421,-0.922,绿
湖色,涤棉色谱_何进丰,61,-31,-4,绿
湖色,中国色名综览_凑幸卫,74.07263347,-28.84811179,24.46280942,绿
葱根绿,古色之美_青简,52.348,-50.354,10.877,绿
葱根绿,中国传统色彩图鉴_鸿洋,70.018,-27.739,48.299,绿
葱根绿,中国色名综览_凑幸卫,64.06300228,-34.25392902,8.085363332,绿
豆绿,敦煌彩绘文物数字化保护色卡制作方法研究_梁金星,68.5,-10.2,10.24,绿
豆绿,中国颜色_黄仁达,69.917,-24.071,49.877,绿
豆绿,染作江南春水色_金成熺,69.22,-14.49,7.85,绿
豆绿,古色之美_青简,72.591,-24.302,50.354,绿
豆绿,中国色名综览_凑幸卫,61.66164778,-51.75001546,45.36551962,绿
灰绿,DIC中国传统色,58.551,-9.896,-0.302,绿
灰绿,中国色名综览_凑幸卫,54.13729657,1.793211668,47.29634728,绿
艾绿,色谱_perchouli,83.487,-5.947,6.866,绿
艾绿,中国颜色_黄仁达,60.662,-2.534,43.458,绿
艾绿,古色之美_青简,78.486,-5.743,4.578,绿
艾绿,中国美色_中国国家地理,77.121,-18.246,3.374,绿
艾绿,中国色名综览_凑幸卫,76.53150103,-7.751689312,-1.783782993,绿
果绿,绞丝染色基本色谱_何进丰,56,-32,32,绿
果绿,涤棉色谱_何进丰,66,-37,29,绿
草绿,中国颜色_黄仁达,58.823,-29.772,37.393,绿
草绿,人造丝绸缎色谱_何进丰,55,10,25,绿
黄绿,DIC中国传统色,65.32,-16.007,39.375,绿
青翠,国标,54.6,-54.8,25.2,绿
青翠,色谱_perchouli,58.674,-48.444,23.467,绿
青翠,中国颜色_黄仁达,49.505,-24.25,-6.497,绿
青翠,古色之美_青简,51.025,-61.288,15.826,绿
青翠,钧瓷色彩的特征与分类体系研究_王庆斌,33.009,-19.376,-1.844,绿
青翠,中国美色_中国国家地理,42.719,-28.851,-2.198,绿
青翠,中国传统色彩图鉴_鸿洋,56.969,-49.387,39.147,绿
青翠,中国色名综览_凑幸卫,61.51479085,-44.92446608,5.556893733,绿
祖母绿,国标,51.3,-46.8,12.1,绿
祖母绿,绞丝染色基本色谱_何进丰,55,-38,3,绿
祖母绿,钧瓷色彩的特征与分类体系研究_王庆斌,52.052,-32.968,53.699,绿
官绿,国标,44.7,-34.8,-3.7,绿
官绿,乾隆色谱_刘剑,35,-17,16,绿
官绿,故宫里的色彩美学_郭浩,41.22,-32.872,19.984,绿
橄榄绿,国标,43.5,-0.9,30.5,绿
橄榄绿,色谱_perchouli,35.236,-3.231,36.352,绿
橄榄绿,DIC中国传统色,39.92,-6.167,22.421,绿
橄榄绿,人造丝绸缎色谱_何进丰,46,-11,24,绿
橄榄绿,中国色名综览_凑幸卫,41.21701955,-6.618522363,41.22189127,绿
茶绿,国标,41.2,-2.8,10.3,绿
茶绿,涤棉色谱_何进丰,52,-12,30,绿
蘋婆绿,国标,39.4,-30.3,4.3,绿
蘋婆绿,染色样本士林类_何进丰,38,-41,-7,绿
蘋婆绿,染色样本纳夫妥类_何进丰,32,-22,-8,绿
蘋婆绿,中国传统色彩图鉴_鸿洋,35.791,-11.557,8.141,绿
墨绿,DIC中国传统色,35.88,-8.096,3.864,绿
墨绿,染色样本硫化类_何进丰,27,-7,-6,绿
油绿,国标,34.4,-6.5,3.9,绿
油绿,色谱_perchouli,23.196,-15.453,12.547,绿
油绿,DIC中国传统色,39.607,-6.028,4.401,绿
油绿,中国传统色彩图鉴_鸿洋,59.784,-44.268,43.949,绿
油绿,中国色名综览_凑幸卫,45.02607288,-10.04262484,3.156933198,绿
大绿,国标,33.1,-29.4,11.3,绿
豆青,国标,85.8,-9.4,-7.5,绿
豆青,敦煌彩绘文物数字化保护色卡制作方法研究_梁金星,54.23,-5.94,5.5,绿
豆青,钧瓷色彩的特征与分类体系研究_王庆斌,46.989,7.293,23.623,绿
龟背黄,色谱_perchouli,46.618,4.049,23.017,绿
淡灰绿,色谱_perchouli,64.959,-4.412,39.816,绿
淡灰绿,中国色名综览_凑幸卫,51.57712805,-6.447421304,4.085913574,绿
潭水绿,色谱_perchouli,37.49,-2.372,32.293,绿
潭水绿,中国色名综览_凑幸卫,41.18825466,-3.233637637,18.97954591,绿
草灰绿,色谱_perchouli,53.705,-2.34,30.606,绿
荷叶绿,色谱_perchouli,38.707,-33.445,15.989,绿
荷叶绿,人造丝绸缎色谱_何进丰,45,-20,-2,绿
蟾绿,中国色名综览_凑幸卫,61.68114658,-28.77056628,7.116452127,绿
蔻梢绿,色谱_perchouli,70.167,-40.656,17.701,绿
蔻梢绿,中国色名综览_凑幸卫,76.52430446,-28.52068633,13.50776171,绿
薄荷绿,色谱_perchouli,46.983,-39.53,20.118,绿
薄荷绿,人造丝绸缎色谱_何进丰,39,-15,-1,绿
孔雀绿,色谱_perchouli,54.178,-46.14,25.695,绿
孔雀绿,中国传统色彩图鉴_鸿洋,54.805,-39.55,-10.779,绿
孔雀绿,中国色名综览_凑幸卫,57.5597427,-39.9052715,4.719720358,绿
宫殿绿,色谱_perchouli,50.373,-43.32,24.015,绿
玉髓绿,色谱_perchouli,64.838,-53.536,44.004,绿
玉髓绿,中国色名综览_凑幸卫,71.57210026,-39.1499902,34.0917714,绿
鲜绿,色谱_perchouli,64.523,-53.314,45.945,绿
宝石绿,色谱_perchouli,63.111,-53.171,47.876,绿
宝石绿,中国色名综览_凑幸卫,64.38554823,-45.24500037,19.88354646,绿
鹦鹉绿,色谱_perchouli,63.849,-48.01,58.148,绿
鹦鹉绿,中国色名综览_凑幸卫,64.14139573,-40.79767351,58.48845744,绿
芦苇绿,色谱_perchouli,79.945,-22.143,39.883,绿
芦苇绿,中国色名综览_凑幸卫,74.56194755,-25.4997007,33.78227023,绿
苹果绿,色谱_perchouli,79.616,-22.696,49.757,绿
苹果绿,钧瓷色彩的特征与分类体系研究_王庆斌,26.774,-17.337,9.049,绿
苹果绿,中国色名综览_凑幸卫,75.54859711,-29.15506883,39.3229745,绿
芦灰,色谱_perchouli,48.435,10.341,0.789,绿
芦灰,DIC中国传统色,70.205,-8.16,18.431,绿
猴毛灰,中国色名综览_凑幸卫,64.867732,10.42440321,4.029537778,绿
尘灰,色谱_perchouli,67.877,-0.32,26.294,绿
尘灰,中国色名综览_凑幸卫,66.21527008,4.156664051,10.16042439,绿
燕羽灰,色谱_perchouli,40.274,0.225,14.102,绿
松绿,乾隆色谱_刘剑,43,-9,38,绿
松绿,DIC中国传统色,80.017,-5.633,9.288,绿
瓜皮绿,乾隆色谱_刘剑,20,-6,5,绿
瓜皮绿,钧瓷色彩的特征与分类体系研究_王庆斌,38.003,-26.793,16.357,绿
咖啡棕,DIC中国传统色,50.175,4.273,16.873,绿
灰米,DIC中国传统色,69.275,-3.427,16.66,绿
冬绿,DIC中国传统色,56.954,-15.809,11.04,绿
法国梧桐皮色,DIC中国传统色,61.99,-5.315,10.571,绿
庭院瓦灰色,DIC中国传统色,53.532,-1.247,8.688,绿
大赤金,DIC中国传统色,67.509,-7.783,29.912,绿
大块,故宫里的色彩美学_郭浩,69.702,3.201,22.38,绿
养生主,故宫里的色彩美学_郭浩,65.498,4.95,18.115,绿
石莲褐,故宫里的色彩美学_郭浩,57.495,0.878,8.719,绿
沉香,故宫里的色彩美学_郭浩,55.374,6.453,14.444,绿
明茶褐,故宫里的色彩美学_郭浩,56.587,6.266,18.476,绿
欧碧,故宫里的色彩美学_郭浩,82.63,-18.276,29.743,绿
春辰,故宫里的色彩美学_郭浩,73.992,-18.426,31.515,绿
碧山,故宫里的色彩美学_郭浩,58.241,-24.02,36.804,绿
翠微,故宫里的色彩美学_郭浩,48.765,-29.916,26.631,绿
翠虬,故宫里的色彩美学_郭浩,40.917,-24.152,24.379,绿
石发,故宫里的色彩美学_郭浩,54.786,-23.445,27.583,绿
风入松,故宫里的色彩美学_郭浩,56.461,-12.066,32.277,绿
麹尘,故宫里的色彩美学_郭浩,81.155,-14.128,23.583,绿
绿沈,故宫里的色彩美学_郭浩,58.387,-8.334,35.942,绿
绿沈,中国美色_中国国家地理,46.745,-33.577,27.338,绿
葱倩,故宫里的色彩美学_郭浩,52.749,-19.353,26.082,绿
葱倩,中国美色_中国国家地理,59.501,-44.775,40.216,绿
出岫,故宫里的色彩美学_郭浩,67.51,-7.558,27.221,绿
绿色,中国颜色_黄仁达,58.972,-45.705,42.567,绿
绿色,中国美色_中国国家地理,58.972,-45.705,42.567,绿
绿色,古色之美_青简,53.4,-24.963,-4.745,绿
绿色,涤棉色谱_何进丰,56,-43,8,绿
竹青,中国颜色_黄仁达,57.299,-19.28,32.378,绿
翡翠色,中国颜色_黄仁达,35.121,-34.37,-13.914,绿
翡翠色,中国传统色彩图鉴_鸿洋,50.002,-64.968,27.009,绿
柳色,中国颜色_黄仁达,58.571,-20.911,45.378,绿
深果绿,染色样本士林类_何进丰,47,-42,9,绿
深果绿,绞丝染色基本色谱_何进丰,44,-30,27,绿
杏灰,染色样本士林类_何进丰,53,8,12,绿
杏灰,染色样本硫化类_何进丰,68,6,14,绿
浅杏灰,染色样本纳夫妥类_何进丰,63,6,12,绿
浅瓜皮绿,绞丝染色基本色谱_何进丰,78,-24,28,绿
鳝鱼皮,钧瓷色彩的特征与分类体系研究_王庆斌,52.727,-9.224,32.365,绿
青葱,中国美色_中国国家地理,53.93,-40.08,32.614,绿
苍翠,中国传统色彩图鉴_鸿洋,54.125,-25.066,9.205,绿
松花色,中国传统色彩图鉴_鸿洋,43.737,-56.962,23.606,绿
浅嫩绿,涤棉色谱_何进丰,77,-27,45,绿
浅嫩绿,涤棉色谱_何进丰,85,-24,32,绿
紫杉绿,中国色名综览_凑幸卫,33.62058343,-21.10681967,15.21051759,绿
青菜绿,中国色名综览_凑幸卫,71.58316435,-51.09692881,45.4172776,绿
琉璃绿,中国色名综览_凑幸卫,61.650308,-39.31565449,33.66993992,绿
螳螂绿,中国色名综览_凑幸卫,76.52677155,-25.53126959,21.56127115,绿
螳螂绿,中国色名综览_凑幸卫,76.52822625,-17.83377247,7.52702388,绿
枝绿,DIC中国传统色,87.149,-12.494,6.289,碧
枝绿,染色样本纳夫妥类_何进丰,56,-23,-9,碧
枝绿,中国传统色彩图鉴_鸿洋,87.528,-7.787,15.001,碧
玉色,国标,80.8,-13.6,17.7,碧
玉色,色谱_perchouli,64.754,-32.426,12.905,碧
玉色,DIC中国传统色,84.397,-10.592,9.183,碧
玉色,故宫里的色彩美学_郭浩,90.589,-1.162,9.994,碧
鹦哥绿,国标,76.4,-36.8,5.5,碧
鹦哥绿,色谱_perchouli,59.185,-42.241,6.393,碧
鹦哥绿,中国色名综览_凑幸卫,61.67588909,-45.49256094,-4.633001871,碧
三绿,国标,75.9,-27.8,13.5,碧
三绿,中国色名综览_凑幸卫,74.04457368,-23.89130436,2.086162151,碧
石绿,色谱_perchouli,72.858,-30.952,-8.882,碧
石绿,故宫里的色彩美学_郭浩,39.793,-22.789,-4.238,碧
石绿,敦煌彩绘文物数字化保护色卡制作方法研究_梁金星,39.65,-27.62,10.5,碧
石绿,中国颜色_黄仁达,52.163,-21.751,15.347,碧
石绿,中国美色_中国国家地理,52.163,-21.751,15.347,碧
碧绿,国标,66,-41.6,5.5,碧
碧绿,中国颜色_黄仁达,55.067,-50.224,-3.446,碧
碧绿,古色之美_青简,43.206,-34.483,-15.81,碧
蛋青,国标,89.3,-8.4,-3.9,碧
蛋青,DIC中国传统色,89.939,-4.914,1.049,碧
蛋青,染作江南春水色_金成熺,58.11,-9.79,-12.57,碧
蛋青,中国传统色彩图鉴_鸿洋,87.358,-4.518,-1.63,碧
蛋青,中国色名综览_凑幸卫,91.08172557,1.712453497,-11.8007321,碧
二青,国标,75.9,-25.2,-12.5,碧
湖蓝,国标,80.7,-18.1,-4.2,碧
石蓝,国标,66.6,-16.8,-30.6,碧
丁香紫,钧瓷色彩的特征与分类体系研究_王庆斌,47.837,5.102,-16.999,碧
美蝶绿,中国色名综览_凑幸卫,66.49326738,-36.75509037,-10.3319483,碧
竹绿,色谱_perchouli,61.25,-43.557,8.234,碧
竹绿,中国色名综览_凑幸卫,67.43151304,-38.88645408,-4.325110241,碧
海王绿,色谱_perchouli,47.996,-32.971,5.918,碧
海王绿,中国色名综览_凑幸卫,53.95013308,-23.15386487,-4.293634689,碧
麦苗绿,色谱_perchouli,68.971,-41.258,15.999,碧
麦苗绿,中国色名综览_凑幸卫,77.49146811,-29.30565919,7.249308928,碧
青矾绿,色谱_perchouli,55.789,-37.245,7.251,碧
铜绿,色谱_perchouli,63.735,-44.499,11.235,碧
铜绿,中国传统色彩图鉴_鸿洋,52.363,-19.127,-2.433,碧
草原远绿,中国色名综览_凑幸卫,76.53121382,-7.261174856,-4.3241042,碧
蛙绿,色谱_perchouli,67.186,-43.595,15.066,碧
田园绿,色谱_perchouli,68.878,-34.234,13.805,碧
蛋白石绿,色谱_perchouli,56.816,-28.26,12.318,碧
毛绿,色谱_perchouli,71.457,-39.28,18.463,碧
毛绿,中国色名综览_凑幸卫,81.34788326,-28.70298556,13.76075547,碧
松霜绿,色谱_perchouli,65.267,-17.655,9.46,碧
瓦松绿,色谱_perchouli,55.114,-15.127,8.968,碧
霁青,色谱_perchouli,71.381,-20.677,-18.694,碧
霁青,中国色名综览_凑幸卫,81.34782794,-5.800530852,-18.71836794,碧
秋波蓝,色谱_perchouli,73.527,-11.292,-15.82,碧
秋波蓝,中国色名综览_凑幸卫,74.07229434,-0.631029346,-15.46169952,碧
蔚蓝,色谱_perchouli,68.494,-29.06,-20.481,碧
蔚蓝,中国色名综览_凑幸卫,67.14654626,-18.49451907,-20.34179977,碧
瀑布蓝,色谱_perchouli,73.499,-27.779,-17.181,碧
瀑布蓝,中国色名综览_凑幸卫,71.53859727,-15.05622262,-17.66680114,碧
闪蓝,中国色名综览_凑幸卫,65.2265669,-2.155485141,-10.41538079,碧
甸子蓝,色谱_perchouli,65.179,-29.198,-20.583,碧
甸子蓝,中国色名综览_凑幸卫,71.46898764,-22.53189156,-23.02551708,碧
晚波蓝,色谱_perchouli,56.248,-13.066,-7.285,碧
晚波蓝,中国色名综览_凑幸卫,61.68116073,-3.896445188,-9.338153774,碧
清水蓝,色谱_perchouli,81.267,-19.046,-10.103,碧
清水蓝,中国色名综览_凑幸卫,81.34782902,-13.71564918,-12.75380314,碧
冰山蓝,中国色名综览_凑幸卫,71.59688002,-4.744771513,-8.677246875,碧
淡绿灰,色谱_perchouli,54.588,-10.95,3.049,碧
海鸥灰,色谱_perchouli,57.88,4.119,11.083,碧
海鸥灰,中国色名综览_凑幸卫,65.35102693,9.409725992,5.738632186,碧
银鼠灰,色谱_perchouli,69.886,-0.36,14.847,碧
银鼠灰,DIC中国传统色,54.859,1.115,-5.091,碧
银鼠灰,中国颜色_黄仁达,68.828,0.133,-1.728,碧
银鼠灰,中国美色_中国国家地理,59.553,0.006,-1.114,碧
银鼠灰,中国传统色彩图鉴_鸿洋,63.991,0.239,-4.256,碧
银鼠灰,中国色名综览_凑幸卫,71.5747446,4.672955968,16.93418813,碧
铜绿色,DIC中国传统色,72.513,-11.427,18.368,碧
嫩葱绿,DIC中国传统色,59.512,-17.708,23.638,碧
嫩葱绿,中国美色_中国国家地理,58.467,-17.244,-10.525,碧
碧玉石,中国美色_中国国家地理,58.467,-17.244,-10.525,碧
粗孔雀绿,DIC中国传统色,50.742,-21.937,3.036,碧
粗孔雀绿,中国美色_中国国家地理,51.602,-30.359,-1.926,碧
玉绿,DIC中国传统色,82.976,-21.897,7.952,碧
中条虾绿,DIC中国传统色,57.137,-3.967,4.049,碧
蓝灰色,中国美色_中国国家地理,70.653,0.517,-14.901,碧
天水碧,故宫里的色彩美学_郭浩,63.159,-20.295,-12.323,碧
扁青,故宫里的色彩美学_郭浩,56.549,-19.897,-8.664,碧
绍衣,故宫里的色彩美学_郭浩,66.684,1.621,3.501,碧
不皂,故宫里的色彩美学_郭浩,69.139,-2.744,4.263,碧
秘色,中国颜色_黄仁达,88.988,-5.889,2.926,碧
秘色,中国美色_中国国家地理,83.366,-5.501,2.553,碧
彩绿,染色样本士林类_何进丰,40,-43,0,碧
浅中绿,染色样本士林类_何进丰,58,-38,-5,碧
人熊东方白,染色样本士林类_何进丰,72,-4,-2,碧
碧蝉绿,人造丝绸缎色谱_何进丰,68,-8,-10,碧
碧蝉绿,中国色名综览_凑幸卫,61.68121736,-5.832155352,6.814358314,碧
浅天兰,绞丝染色基本色谱_何进丰,78,-17,-12,碧
湖兰,绞丝染色基本色谱_何进丰,74,-25,-7,碧
蝶兰,绞丝染色基本色谱_何进丰,61,-30,-13,碧
深水兰,绞丝染色基本色谱_何进丰,55,-35,-20,碧
浅碧青,绞丝染色基本色谱_何进丰,65,-21,-14,碧
苍青,中国美色_中国国家地理,63.137,0.142,17.649,碧
苍青,中国传统色彩图鉴_鸿洋,56.727,-7.508,-14.871,碧
深翠绿,涤棉色谱_何进丰,43,-31,3,碧
深翠绿,涤棉色谱_何进丰,43,-34,-1,碧
浅翠兰,涤棉色谱_何进丰,70,-24,-22,碧
浅翠兰,涤棉色谱_何进丰,74,-30,-13,碧
暗橄榄绿,中国色名综览_凑幸卫,52.87247754,-14.07232657,5.192149054,碧
牡蛎绿,中国色名综览_凑幸卫,71.59692279,-16.03820631,12.70526172,碧
藻绿,中国色名综览_凑幸卫,61.65861751,-11.5950034,8.45739783,碧
妃色,国标,77.7,22.2,6.2,红
妃色,DIC中国传统色,77.936,13.662,1.155,红
妃色,中国美色_中国国家地理,45.972,63.575,43.967,红
妃色,中国传统色彩图鉴_鸿洋,45.643,43.74,33.229,红
粉红,国标,77.8,20.6,1,红
粉红,色谱_perchouli,80.063,19.577,11.524,红
粉红,中国传统色彩图鉴_鸿洋,83.35,14.443,-0.142,红
血牙,染色样本士林类_何进丰,74,33,25,红
血牙,染色样本纳夫妥类_何进丰,58,55,28,红
银红,国标,34.3,28.2,29.4,红
银红,故宫里的色彩美学_郭浩,83.932,11.649,-0.718,红
银红,染作江南春水色_金成熺,77.22,27.75,4.2,红
桃红,乾隆色谱_刘剑,47,44,30,红
桃红,中国色名综览_凑幸卫,71.59696773,11.36731023,-1.180787885,红
洋红,国标,50.1,42.8,-16.8,红
洋红,中国传统色彩图鉴_鸿洋,50.841,68.688,-4.25,红
红,中国颜色_黄仁达,42.329,61.82,31.714,红
杨梅花红,中国美色_中国国家地理,42.329,61.82,31.714,红
红,古色之美_青简,42.101,61.248,17.47,红
海棠红,色谱_perchouli,53.892,69.743,29.794,红
海棠红,色谱_perchouli,53.892,69.743,29.794,红
海棠红,钧瓷色彩的特征与分类体系研究_王庆斌,41.424,44.887,30.003,红
茜红,中国颜色_黄仁达,44.726,41.672,31.866,红
茜红,中国美色_中国国家地理,44.726,41.672,31.866,红
殷红,色谱_perchouli,27.428,46.106,23.922,红
殷红,色谱_perchouli,27.428,46.106,23.922,红
殷红,中国色名综览_凑幸卫,33.47336899,34.91385768,-4.557985183,红
枣红,色谱_perchouli,26.908,42.468,20.38,红
枣红,DIC中国传统色,29.333,29.039,6.668,红
枣红,染色样本纳夫妥类_何进丰,27,26,3,红
枣红,钧瓷色彩的特征与分类体系研究_王庆斌,23.458,35.529,21.957,红
枣红,中国传统色彩图鉴_鸿洋,49.488,43.913,33.88,红
枣红,中国色名综览_凑幸卫,33.39559933,35.15159466,4.388485506,红
胭脂红,国标,35.2,43.1,5.7,红
胭脂红,色谱_perchouli,54.253,65.643,54.898,红
胭脂红,色谱_perchouli,54.253,65.643,54.898,红
胭脂红,DIC中国传统色,35.399,31.515,8.536,红
胭脂红,DIC中国传统色,35.399,31.515,8.536,红
胭脂红,古色之美_青简,52.672,57.682,42.419,红
胭脂红,钧瓷色彩的特征与分类体系研究_王庆斌,63.934,52.059,25.774,红
胭脂红,中国传统色彩图鉴_鸿洋,43.517,49.919,-6.749,红
胭脂红,中国色名综览_凑幸卫,56.53068885,51.28661709,31.98816931,红
火岩棕,色谱_perchouli,32.454,35.914,29.185,红
火岩棕,中国色名综览_凑幸卫,41.16785074,24.86531729,11.25357237,红
淡咖啡,色谱_perchouli,43.531,21.202,31.589,红
淡咖啡,中国色名综览_凑幸卫,54.64237355,11.96723875,11.62903565,红
牡丹粉红,中国色名综览_凑幸卫,81.31455004,33.59252659,6.266028145,红
香叶红,绞丝染色基本色谱_何进丰,67,44,20,红
茶花红,色谱_perchouli,54.316,66.482,33.162,红
茶花红,中国色名综览_凑幸卫,64.60084251,49.35331817,12.39886457,红
满江红,中国色名综览_凑幸卫,46.46610141,29.90430565,5.38619712,红
苋菜红,色谱_perchouli,36.087,54.522,29.567,红
苋菜红,中国色名综览_凑幸卫,41.21711285,39.57019847,2.986244887,红
枫叶红,色谱_perchouli,42.256,61.707,33.872,红
草茉莉红,色谱_perchouli,55.739,64.942,25.657,红
山茶红,中国色名综览_凑幸卫,64.01999988,60.6484465,16.07998243,红
淡曙红,色谱_perchouli,51.923,72.622,34.349,红
淡曙红,中国色名综览_凑幸卫,61.68154766,60.69671961,26.72013666,红
石竹红,色谱_perchouli,55.805,64.67,22.181,红
淡蕊香红,色谱_perchouli,55.864,64.873,20.49,红
淡蕊香红,中国色名综览_凑幸卫,67.61052668,55.66479375,6.925807088,红
月季红,DIC中国传统色,33.226,50.326,19.699,红
尖晶玉红,色谱_perchouli,43.83,66.502,30.205,红
锦葵红,中国色名综览_凑幸卫,51.53267515,34.15072343,2.61527757,红
晶红,中国色名综览_凑幸卫,81.32076708,32.41666778,-6.828374292,红
芍药绯红,人造丝绸缎色谱_何进丰,59,36,-4,红
芍药绯红,中国色名综览_凑幸卫,74.0699023,22.36848371,-3.305347171,红
豇豆红,钧瓷色彩的特征与分类体系研究_王庆斌,45.207,53.482,53.901,红
豇豆红,中国色名综览_凑幸卫,65.31274767,23.78977025,0.134153677,红
报春红,中国色名综览_凑幸卫,56.13798793,24.43278007,0.425863899,红
凤仙花红,中国色名综览_凑幸卫,64.6878666,22.98907108,2.617817339,红
霞光红,中国色名综览_凑幸卫,51.53613064,24.6247233,0.756788037,红
喜蛋红,色谱_perchouli,52.465,72.579,17.019,红
喜蛋红,中国色名综览_凑幸卫,41.13223606,51.89483999,-3.151831381,红
夹竹桃红,色谱_perchouli,56.989,62.874,7.795,红
松叶牡丹红,色谱_perchouli,54.1,68.769,12.035,红
松叶牡丹红,DIC中国传统色,33.296,53.083,13.346,红
白芨红,中国色名综览_凑幸卫,72.58295014,37.19060119,-7.036610535,红
榲桲红,色谱_perchouli,53.041,72.51,14.221,红
榲桲红,色谱_perchouli,53.041,72.51,14.221,红
酢酱草红,中国色名综览_凑幸卫,61.68129537,28.56913005,-6.287552826,红
初荷红,中国色名综览_凑幸卫,70.61727714,37.13953971,-7.044442592,红
菠根红,中国色名综览_凑幸卫,54.04966454,41.22941472,-8.246273883,红
兔眼红,色谱_perchouli,57.194,65.066,1.041,红
嫩菱红,中国色名综览_凑幸卫,61.68135565,44.30937017,-7.950727326,红
吊钟花红,中国色名综览_凑幸卫,71.59710241,45.30970566,-1.670896871,红
紫荆红,色谱_perchouli,53.346,74.583,5.64,红
紫荆红,中国色名综览_凑幸卫,53.71192512,59.85501836,-2.988331113,红
扁豆花红,色谱_perchouli,57.061,67.852,0.32,红
扁豆花红,中国色名综览_凑幸卫,64.59972945,50.94280274,-8.906329787,红
藏花红,色谱_perchouli,53.081,73.932,4.608,红
丹紫红,中国色名综览_凑幸卫,54.06657942,39.92430893,-15.82539008,红
玫瑰红,色谱_perchouli,49.17,65.311,-3.482,红
玫瑰红,DIC中国传统色,34.237,33.907,6.236,红
玫瑰红,中国颜色_黄仁达,35.287,50.491,35.043,红
玫瑰红,中国美色_中国国家地理,35.287,50.491,35.043,红
玫瑰红,染色样本纳夫妥类_何进丰,38,44,2,红
玫瑰红,钧瓷色彩的特征与分类体系研究_王庆斌,22.058,30.254,13.733,红
玫瑰红,中国传统色彩图鉴_鸿洋,51.561,67.342,-4.567,红
玫瑰红,中国色名综览_凑幸卫,51.54345514,47.04518128,-18.27073224,红
菱锰红,色谱_perchouli,61.051,41.542,-8.225,红
菱锰红,中国色名综览_凑幸卫,66.65575523,45.15782047,-8.011298479,红
龙须红,色谱_perchouli,53.501,53.885,-11.476,红
龙须红,中国色名综览_凑幸卫,56.52907405,53.86601655,-9.886061,红
淡藏花红,色谱_perchouli,76.961,23.184,26.118,红
淡罂粟红,色谱_perchouli,73.034,26.652,22.268,红
淡罂粟红,中国色名综览_凑幸卫,75.1734187,40.69452225,23.30154605,红
颊红,中国色名综览_凑幸卫,81.34813274,36.3543706,19.71118763,红
舌红,色谱_perchouli,71.454,32.971,17.96,红
榴子红,色谱_perchouli,69.856,36.192,17.963,红
淡土黄,色谱_perchouli,39.294,25.008,27.415,红
菜头紫,色谱_perchouli,33.329,51.313,5.398,红
菜头紫,中国色名综览_凑幸卫,46.27308686,47.42235117,-9.841129464,红
玫瑰灰,色谱_perchouli,39.991,51.498,33.247,红
玫瑰灰,中国色名综览_凑幸卫,45.01867689,15.09071722,11.37230859,红
血红,DIC中国传统色,34.902,29.308,22.961,红
茉莉花红,DIC中国传统色,35.327,49.914,8.362,红
浅血牙,DIC中国传统色,83.776,8.927,3.832,红
浅血牙,染色样本纳夫妥类_何进丰,67,45,17,红
浅血牙,涤棉色谱_何进丰,75,36,35,红
浅血牙,涤棉色谱_何进丰,82,23,26,红
浅血牙,涤棉色谱_何进丰,87,12,28,红
红莲灰,DIC中国传统色,51.828,36.324,1.076,红
红灰莲,DIC中国传统色,51.828,36.324,1.076,紫
红莲灰,DIC中国传统色,51.828,36.324,1.076,红
红灰莲,DIC中国传统色,51.828,36.324,1.076,紫
紫磨金,故宫里的色彩美学_郭浩,59.878,18.994,21.775,红
檀色,故宫里的色彩美学_郭浩,53.162,25.653,20.547,红
椒褐,故宫里的色彩美学_郭浩,34.273,18.019,14.793,红
顺圣,故宫里的色彩美学_郭浩,26.949,41.885,23.68,红
牙绯,故宫里的色彩美学_郭浩,51.894,41.274,19.255,红
魏红,故宫里的色彩美学_郭浩,41.072,49.912,-2.133,红
爵头,故宫里的色彩美学_郭浩,20.612,35.671,20.208,红
檀唇,故宫里的色彩美学_郭浩,70.355,19.991,18.237,红
红䵂,故宫里的色彩美学_郭浩,58.47,35.148,16.215,红
茶色,故宫里的色彩美学_郭浩,50.546,2.156,19.672,红
茶色,中国美色_中国国家地理,45.874,31.911,23.37,红
茶色,中国传统色彩图鉴_鸿洋,45.874,31.911,23.37,红
红踯躅,故宫里的色彩美学_郭浩,44.103,56.819,-3.536,红
杏棕,染色样本士林类_何进丰,61,9,18,红
杏棕,染色样本纳夫妥类_何进丰,49,26,28,红
浅粉红,染色样本士林类_何进丰,80,18,8,红
浅粉红,涤棉色谱_何进丰,76,38,5,红
浅粉红,涤棉色谱_何进丰,82,42,10,红
浅粉红,涤棉色谱_何进丰,85,33,7,红
杏肉,染色样本士林类_何进丰,77,10,22,红
杏肉,染色样本纳夫妥类_何进丰,62,22,19,红
深杏,染色样本纳夫妥类_何进丰,57,17,18,红
杏色,染色样本士林类_何进丰,70,12,15,红
杏色,染色样本纳夫妥类_何进丰,51,24,28,红
红棕,涤棉色谱_何进丰,47,27,27,红
浅红,涤棉色谱_何进丰,84,29,15,红
红酱,染色样本纳夫妥类_何进丰,32,40,16,红
深桃红,绞丝染色基本色谱_何进丰,60,54,2,红
西红,绞丝染色基本色谱_何进丰,62,47,21,红
蔷薇红,绞丝染色基本色谱_何进丰,64,49,-6,红
深蔷薇红,绞丝染色基本色谱_何进丰,55,58,-3,红
深玫红,绞丝染色基本色谱_何进丰,37,53,6,红
玫红,绞丝染色基本色谱_何进丰,44,60,4,红
鸡血红,钧瓷色彩的特征与分类体系研究_王庆斌,31.577,33.502,19.861,红
熟褐,中国美色_中国国家地理,46.67,15.497,19.267,红
樱桃色,中国传统色彩图鉴_鸿洋,47.622,64.257,15.921,红
品红,中国传统色彩图鉴_鸿洋,47.994,74.013,-2.997,红
赫赤,中国传统色彩图鉴_鸿洋,44.51,61.414,20.677,红
浅茜红,涤棉色谱_何进丰,67,44,21,红
浅茜红,涤棉色谱_何进丰,74,39,25,红
落叶棕,中国色名综览_凑幸卫,35.1477539,27.13630335,17.8003293,红
褪色玫瑰,中国色名综览_凑幸卫,66.7007681,16.78215604,12.75944531,红
龙嘴花红,中国色名综览_凑幸卫,71.59714823,45.1398701,11.27756318,红
霉红,中国色名综览_凑幸卫,61.6440738,24.29943558,3.354453714,红
淡维红,中国色名综览_凑幸卫,75.03989368,41.55624333,4.129166541,红
垂丝海棠红,中国色名综览_凑幸卫,71.59707527,44.77461186,-7.753099651,红
鲜红,中国色名综览_凑幸卫,65.29922417,58.35439821,25.1765886,红
荷花,国标,71.8,27.8,-12,紫
驼色,国标,70.7,15.1,15.9,紫
驼色,色谱_perchouli,32.641,10.263,22.227,紫
驼色,乾隆色谱_刘剑,59,15,28,紫
驼色,中国传统色彩图鉴_鸿洋,54.458,11.432,18.496,紫
驼色,中国色名综览_凑幸卫,44.23505786,12.20062545,12.6477062,紫
靛蓝,DIC中国传统色,28.625,5.246,-15.963,紫
靛蓝,钧瓷色彩的特征与分类体系研究_王庆斌,19.806,13.909,-27.974,紫
靛蓝,中国颜色_黄仁达,27.707,3.401,-26.263,紫
靛蓝,中国美色_中国国家地理,27.707,3.401,-26.263,紫
靛蓝,中国传统色彩图鉴_鸿洋,32.355,-4.284,-23.342,紫
普蓝,国标,35.2,1.4,-33.9,紫
普蓝,中国颜色_黄仁达,28.334,21.146,-42.614,紫
空青,中国美色_中国国家地理,28.334,21.146,-42.614,紫
普蓝,古色之美_青简,36.044,-6.658,-43.359,紫
雪青,国标,70.9,6.7,-11.7,紫
雪青,中国美色_中国国家地理,65.726,9.123,-22.586,紫
雪青,中国传统色彩图鉴_鸿洋,65.726,9.123,-22.586,紫
紫粉,DIC中国传统色,37.739,36.7,3.213,紫
青莲,国标,61,13.5,-30.5,紫
青莲,古色之美_青简,34.343,37.177,-32.719,紫
青莲,中国美色_中国国家地理,42.486,32.549,-26.132,紫
青莲,中国传统色彩图鉴_鸿洋,33.885,33.681,-34.6,紫
紫,染作江南春水色_金成熺,31.12,6.82,-2.58,紫
茄紫,国标,30.9,11.5,-11.5,紫
茄紫,古色之美_青简,14.392,9.708,2.06,紫
茄紫,绞丝染色基本色谱_何进丰,46,39,-30,紫
绛紫,DIC中国传统色,32.997,9.798,3.782,紫
玫瑰紫,色谱_perchouli,44.097,60.649,-10.284,紫
玫瑰紫,古色之美_青简,46.028,57.843,-3.665,紫
玫瑰紫,人造丝绸缎色谱_何进丰,40,55,-4,紫
玫瑰紫,钧瓷色彩的特征与分类体系研究_王庆斌,23.148,4.867,-3.865,紫
玫瑰紫,中国色名综览_凑幸卫,44.18418811,51.07745064,-20.54626394,紫
酱紫,色谱_perchouli,15.565,28.871,11.54,紫
烟红,故宫里的色彩美学_郭浩,57.968,10.868,-1.958,紫
烟红,中国色名综览_凑幸卫,51.57716352,11.40475968,-3.201479264,紫
暗紫苑红,色谱_perchouli,29.298,42.041,18.376,紫
山黎豆红,色谱_perchouli,59.584,28.795,4.913,紫
姜红,色谱_perchouli,79.841,21.107,1.983,紫
葡萄酒红,色谱_perchouli,20.694,37.729,3.578,紫
电气石红,色谱_perchouli,52.18,50.092,-11.234,紫
隐红灰,色谱_perchouli,65.635,12.273,-0.682,紫
中红灰,色谱_perchouli,45.047,14.445,18.208,紫
中红灰,人造丝绸缎色谱_何进丰,66,5,10,紫
中红灰,中国色名综览_凑幸卫,51.53552285,13.45604499,9.150400694,紫
豆沙,色谱_perchouli,17.416,19.846,10.943,紫
豆沙,染色样本士林类_何进丰,48,14,15,紫
豆沙,染色样本硫化类_何进丰,61,10,12,紫
豆沙,中国传统色彩图鉴_鸿洋,39.594,26.637,10.417,紫
豆沙,中国色名综览_凑幸卫,30.76049136,20.19225485,11.77462346,紫
群青,色谱_perchouli,46.325,-0.83,-41.953,紫
群青,DIC中国传统色,33.179,18.768,-45.099,紫
群青,故宫里的色彩美学_郭浩,38.75,12.531,-46.373,紫
群青,敦煌彩绘文物数字化保护色卡制作方法研究_梁金星,33.69,15.55,-53.33,紫
群青,中国颜色_黄仁达,28.431,2.76,-38.381,紫
群青,中国美色_中国国家地理,28.431,2.76,-38.381,紫
海涛蓝,中国色名综览_凑幸卫,43.85941723,5.344700855,-33.7783563,紫
葡萄酱紫,色谱_perchouli,18.649,32.575,17.41,紫
葡萄酱紫,中国色名综览_凑幸卫,30.76053371,30.63353902,10.46589907,紫
暗玉紫,色谱_perchouli,22.093,26.7,12.954,紫
金鱼紫,色谱_perchouli,15.387,32.033,12.888,紫
石竹紫,色谱_perchouli,19.595,39.165,14.852,紫
磨石紫,色谱_perchouli,15.946,12.472,-0.722,紫
墨紫,色谱_perchouli,9.593,18.768,0.145,紫
墨紫,钧瓷色彩的特征与分类体系研究_王庆斌,10.466,25.206,-20.805,紫
檀紫,色谱_perchouli,13.612,16.92,-0.534,紫
洋葱紫,色谱_perchouli,43.719,44.532,-1.326,紫
绀紫,中国传统色彩图鉴_鸿洋,26.858,12.435,-22.343,紫
古铜紫,色谱_perchouli,13.691,27.81,-0.884,紫
苋菜紫,色谱_perchouli,35.634,55.136,-9.202,紫
龙睛鱼紫,色谱_perchouli,22.465,20.232,-6.684,紫
龙睛鱼紫,中国色名综览_凑幸卫,41.20156868,13.3842182,-14.16624538,紫
青蛤壳紫,中国色名综览_凑幸卫,71.58363968,26.81881837,-20.80157356,紫
荸荠紫,色谱_perchouli,16.561,21.738,-8.194,紫
豆蔻紫,中国色名综览_凑幸卫,54.11579226,35.27697719,-26.85231861,紫
牵牛紫,色谱_perchouli,24.212,41.497,-15.769,紫
牵牛紫,DIC中国传统色,31.453,50.141,-17.886,紫
葛巾紫,色谱_perchouli,30.423,46.987,-18.298,紫
魏紫,色谱_perchouli,29.918,52.013,-26.79,紫
魏紫,故宫里的色彩美学_郭浩,36.562,40.414,2.17,紫
魏紫,中国色名综览_凑幸卫,43.68166082,44.81849887,-33.25387497,紫
桔梗紫,中国色名综览_凑幸卫,56.67991775,27.78547521,-28.9502686,紫
蕈紫,色谱_perchouli,37.607,-0.482,-36.879,紫
蕈紫,中国色名综览_凑幸卫,61.67270206,21.31045995,-28.82242201,紫
螺甸紫,色谱_perchouli,50.454,8.347,-20.585,紫
螺甸紫,中国色名综览_凑幸卫,61.6811147,19.24452506,-34.40177669,紫
满天星紫,色谱_perchouli,24.425,23.302,-43.176,紫
满天星紫,中国美色_中国国家地理,24.774,11.745,-35.867,紫
满天星紫,中国色名综览_凑幸卫,41.20580008,19.44608577,-31.55406255,紫
山梗紫,人造丝绸缎色谱_何进丰,60,7,-18,紫
貂紫,色谱_perchouli,25.999,19.889,8.842,紫
暮云灰,色谱_perchouli,26.27,11.292,0.316,紫
暮云灰,中国色名综览_凑幸卫,43.45718419,11.93700362,-4.401626168,紫
暮云灰,中国色名综览_凑幸卫,55.66044196,10.88703177,2.758325617,紫
鼠背灰,色谱_perchouli,39.973,12.398,1.589,紫
鼠背灰,中国色名综览_凑幸卫,61.68124345,11.37479313,-2.553701422,紫
青莲紫,DIC中国传统色,42.055,39.178,-34.709,紫
荷花红,DIC中国传统色,62.293,40.873,-9.205,紫
鸡冠花红,DIC中国传统色,34.596,45.123,-8.482,紫
红灰莲,DIC中国传统色,61.108,16.701,2.305,紫
苏木色,DIC中国传统色,42.747,33.306,0.024,紫
长春花色,DIC中国传统色,60.18,40.773,-13.634,紫
暗粉,DIC中国传统色,63.392,32.318,-5.968,紫
浅海昌蓝,DIC中国传统色,42.775,7.949,-27.923,紫
紫薇花,DIC中国传统色,72.686,32.123,-17.535,紫
浅石英紫,DIC中国传统色,65.458,16.057,-22.914,紫
浅凤仙紫,DIC中国传统色,66.185,32.351,-31.066,紫
木槿紫,故宫里的色彩美学_郭浩,59.242,34.142,-19.258,紫
紫罗蓝,DIC中国传统色,25.591,37.026,-28.866,紫
葡萄褐,故宫里的色彩美学_郭浩,50.071,21.803,6.48,紫
苍苍,故宫里的色彩美学_郭浩,50.245,9.147,-39.064,紫
绀宇,故宫里的色彩美学_郭浩,25.557,5.947,-36.367,紫
紫苑,故宫里的色彩美学_郭浩,53.797,13.017,-33.929,紫
优昙瑞,故宫里的色彩美学_郭浩,43.32,20.376,-39.488,紫
延维,故宫里的色彩美学_郭浩,35.833,23.336,-44.992,紫
紫蒲,故宫里的色彩美学_郭浩,48.31,43.416,-24.621,紫
赪紫,故宫里的色彩美学_郭浩,32.522,54.663,-24.45,紫
齐紫,故宫里的色彩美学_郭浩,27.793,43.185,-27.798,紫
凝夜紫,故宫里的色彩美学_郭浩,19.941,25.941,-25.602,紫
紫薄汗,故宫里的色彩美学_郭浩,69.73,17.311,-17.926,紫
黪紫,故宫里的色彩美学_郭浩,59.562,40.626,-8.803,紫
胭脂水,故宫里的色彩美学_郭浩,51.193,43.781,-8.118,紫
油紫,故宫里的色彩美学_郭浩,13.249,29.798,-8.929,紫
鸦雏,故宫里的色彩美学_郭浩,40.655,9.691,-7.986,紫
岩岱赭,敦煌彩绘文物数字化保护色卡制作方法研究_梁金星,39.34,18.46,12.96,紫
吴须色,中国颜色_黄仁达,33.674,11.03,-43.814,紫
吴须色,中国美色_中国国家地理,33.674,11.03,-43.814,紫
丁香色,古色之美_青简,69.309,15.739,-16.848,紫
浅玫瑰,染色样本纳夫妥类_何进丰,49,41,-3,紫
红豆沙,染色样本硫化类_何进丰,56,12,11,紫
深芍药绯红,人造丝绸缎色谱_何进丰,48,52,-11,紫
枣酱,绞丝染色基本色谱_何进丰,33,36,-6,紫
深茄紫,绞丝染色基本色谱_何进丰,35,31,-34,紫
紫罗兰,绞丝染色基本色谱_何进丰,29,28,-34,紫
深紫罗兰,绞丝染色基本色谱_何进丰,28,21,-34,紫
绾,中国美色_中国国家地理,54.542,14.561,8.618,紫
紫棠,中国美色_中国国家地理,24.377,20.845,-11.039,紫
紫棠,中国传统色彩图鉴_鸿洋,24.377,20.845,-11.039,紫
牡丹色,中国传统色彩图鉴_鸿洋,44.927,56.289,-11.489,紫
绀蓝,中国传统色彩图鉴_鸿洋,27.636,9.009,-39.84,紫
浅红莲,涤棉色谱_何进丰,60,39,-8,紫
青莲,涤棉色谱_何进丰,41,36,-30,紫
深青莲,涤棉色谱_何进丰,41,36,-30,紫
海豹灰,中国色名综览_凑幸卫,44.37448298,10.28619604,5.251567421,紫
蟹螯红,中国色名综览_凑幸卫,43.89341394,23.01220898,9.85288378,紫
荷包海棠红,中国色名综览_凑幸卫,65.31847105,23.87818724,-5.970148377,紫
阴红灰,中国色名综览_凑幸卫,51.5771579,11.2534048,-4.434888141,紫
苏木紫,中国色名综览_凑幸卫,51.57717205,11.4096492,-1.059090876,紫
蓝光甲基紫,中国色名综览_凑幸卫,43.92935041,16.70004341,-40.02084936,紫
玫瑰葡萄紫,中国色名综览_凑幸卫,25.24069997,28.63209169,-9.121829368,紫
鸳鸯紫,中国色名综览_凑幸卫,25.20656812,36.91173529,-11.50431917,紫
荆紫,中国色名综览_凑幸卫,61.68125529,33.4116145,-19.35457974,紫
红光甲基紫,中国色名综览_凑幸卫,41.2169516,46.90013556,-34.70787651,紫
乌贼灰,中国色名综览_凑幸卫,52.65505389,10.4950927,4.975090268,紫
深芦灰,中国色名综览_凑幸卫,43.77412622,11.90905219,-4.403062852,紫
荆褐,国标,51.4,29,13.5,流黄
荆褐,染作江南春水色_金成熺,56.05,-0.85,24.24,流黄
浅棕,国标,56.4,16.1,14.2,流黄
浅棕,涤棉色谱_何进丰,61,6,20,流黄
黄棕,国标,42.9,10.1,8.9,流黄
黄棕,绞丝染色基本色谱_何进丰,60,27,49,流黄
雄黄,国标,59.4,30.4,32.3,流黄
雄黄,中国美色_中国国家地理,71.167,8.571,60.913,流黄
雄黄,中国美色_中国国家地理,68.868,26.655,63.421,流黄
雄黄,中国传统色彩图鉴_鸿洋,66.64,29.885,68.265,流黄
雄黄,中国色名综览_凑幸卫,74.03865492,38.49696568,48.03366579,流黄
深黄,国标,64.8,25.1,59.5,流黄
秋香色,乾隆色谱_刘剑,52,5,50,流黄
秋香色,故宫里的色彩美学_郭浩,65.98,3.243,48.792,流黄
秋香色,中国颜色_黄仁达,69.698,5.423,63.246,流黄
秋香色,古色之美_青简,68.019,10.115,44.053,流黄
秋香色,中国美色_中国国家地理,68.682,5.265,60.251,流黄
秋香色,中国传统色彩图鉴_鸿洋,68.682,5.265,60.251,流黄
香黄,国标,42,10.8,27.8,流黄
鹿皮褐,色谱_perchouli,66.273,21.385,41.974,流黄
鹿皮褐,中国色名综览_凑幸卫,65.71462459,14.54664004,16.08764623,流黄
古铜褐,色谱_perchouli,26.957,13.435,25.219,流黄
山鸡褐,色谱_perchouli,47.121,14.646,43.272,流黄
山鸡褐,中国色名综览_凑幸卫,51.57728969,16.89860797,32.23020981,流黄
棕榈绿,色谱_perchouli,31.89,1.295,33.427,流黄
棕榈绿,色谱_perchouli,31.89,1.295,33.427,流黄
棕榈绿,中国色名综览_凑幸卫,51.54119638,2.278500269,49.89051666,流黄
桂皮淡棕,中国色名综览_凑幸卫,67.68620653,14.55691132,15.98268403,流黄
淡赭,中国色名综览_凑幸卫,61.64994567,11.87628084,11.0798414,流黄
山鸡黄,色谱_perchouli,60.493,7.33,56.483,流黄
莱阳梨黄,色谱_perchouli,42.742,7.55,37.408,流黄
苍黄,故宫里的色彩美学_郭浩,65.857,-5.03,66.057,流黄
苍黄,故宫里的色彩美学_郭浩,65.857,-5.03,66.057,流黄
苍黄,中国传统色彩图鉴_鸿洋,60.25,0.687,12.098,流黄
苍黄,中国色名综览_凑幸卫,54.15573121,1.587578255,18.27771209,流黄
玳瑁黄,色谱_perchouli,71.007,11.867,45.591,流黄
玳瑁黄,中国颜色_黄仁达,35.169,23.534,13.557,流黄
玳瑁黄,人造丝绸缎色谱_何进丰,64,18,27,流黄
玳瑁黄,中国色名综览_凑幸卫,71.5970387,14.58736955,15.78540406,流黄
碧螺春绿,色谱_perchouli,47.91,-0.601,48.085,流黄
碧螺春绿,中国色名综览_凑幸卫,54.13409539,-8.154860956,50.35456882,流黄
苔绿,色谱_perchouli,49.022,-0.93,45.403,流黄
苔绿,中国色名综览_凑幸卫,54.14867987,-5.903488017,33.95220771,流黄
暗海水绿,色谱_perchouli,30.981,1.257,30.491,流黄
暗海水绿,中国色名综览_凑幸卫,45.9857687,1.803840638,34.18948952,流黄
粽叶绿,色谱_perchouli,45.796,4.485,46.23,流黄
蜥蜴绿,色谱_perchouli,42.643,8.654,41.104,流黄
鲛青,色谱_perchouli,48.926,1.19,31.624,流黄
鲛青,中国色名综览_凑幸卫,61.68129743,1.308941686,25.5177755,流黄
玛瑙粉,DIC中国传统色,67.297,13.472,24.777,流黄
树皮色,DIC中国传统色,52.272,15.182,27.045,流黄
黄鸭色,DIC中国传统色,47.393,13.756,22.634,流黄
兽皮色,DIC中国传统色,62.825,4.323,24.915,流黄
新芽色,DIC中国传统色,65.415,-5.654,36.739,流黄
深芽绿,DIC中国传统色,60.239,-15.311,45.896,流黄
库金,DIC中国传统色,62.526,-1.57,40.408,流黄
库金,故宫里的色彩美学_郭浩,65.361,26.89,54.33,流黄
选金,DIC中国传统色,62.415,0.568,27.555,流黄
流黄,古色之美_青简,66.558,16.928,64.008,流黄
黄埃,故宫里的色彩美学_郭浩,62.928,8.34,21.266,流黄
紫瓯,故宫里的色彩美学_郭浩,35.519,19.646,33.114,流黄
远志,故宫里的色彩美学_郭浩,44.923,5.148,28.243,流黄
黄流,故宫里的色彩美学_郭浩,46.823,20.785,41.872,流黄
沙饧,故宫里的色彩美学_郭浩,69.126,1.572,31.308,流黄
射干,故宫里的色彩美学_郭浩,43.33,5.641,23.852,流黄
麝香褐,故宫里的色彩美学_郭浩,34.726,10.573,13.952,流黄
米棕,绞丝染色基本色谱_何进丰,75,19,37,黄
麝香褐,绞丝染色基本色谱_何进丰,75,19,37,流黄
红友,故宫里的色彩美学_郭浩,63.918,24.722,51.612,流黄
郁金裙,故宫里的色彩美学_郭浩,62.271,21.631,53.17,流黄
大赤,故宫里的色彩美学_郭浩,62.373,-2.422,42.707,流黄
茧色,故宫里的色彩美学_郭浩,68.641,5.788,35.053,流黄
蛾黄,故宫里的色彩美学_郭浩,61.073,11.364,53.823,流黄
朱土,敦煌彩绘文物数字化保护色卡制作方法研究_梁金星,59.3,19.87,31.7,流黄
黄栌色,中国颜色_黄仁达,51.94,19.923,52.937,流黄
黄栌色,中国传统色彩图鉴_鸿洋,64.075,29.537,45.364,流黄
浅杏色,染色样本纳夫妥类_何进丰,65,20,27,流黄
驼黄,绞丝染色基本色谱_何进丰,51,24,39,流黄
棕茶色,中国美色_中国国家地理,55.42,16.437,29.361,流黄
枯黄,中国美色_中国国家地理,69.442,8.618,24.895,流黄
枯黄,中国传统色彩图鉴_鸿洋,65.433,26.859,49.667,流黄
栗子色,中国传统色彩图鉴_鸿洋,40.11,22.629,40.222,流黄
浅红棕,涤棉色谱_何进丰,66,19,27,流黄
帆黄,中国色名综览_凑幸卫,66.68471568,19.85666218,43.11640806,流黄
